,position_0,position_1,position_2,position_3,position_4,position_5,position_6,position_7,position_8,position_9,position_10,position_11,position_12,position_13
0,3.0,5.0,5.0,2.0,6.0,5.0,0.0,0.0,7.0,6.0,6.0,4.0,6.0,7.0
1,1.0,7.0,2.0,5.0,7.0,0.0,4.0,6.0,4.0,8.0,6.0,4.0,6.0,4.0
2,8.0,8.0,2.0,2.0,3.0,0.0,0.0,2.0,1.0,7.0,6.0,7.0,6.0,5.0
3,7.0,6.0,0.0,4.0,2.0,0.0,7.0,2.0,0.0,3.0,7.0,4.0,6.0,5.0
4,6.0,6.0,4.0,4.0,5.0,4.0,7.0,0.0,7.0,6.0,4.0,6.0,6.0,8.0
5,4.0,5.0,1.0,0.0,1.0,0.0,0.0,0.0,6.0,5.0,6.0,3.0,6.0,6.0
6,5.0,6.0,6.0,0.0,6.0,9.0,9.0,1.0,7.0,6.0,0.0,3.0,8.0,3.0
7,9.0,6.0,0.0,2.0,5.0,5.0,0.0,0.0,3.0,3.0,5.0,6.0,5.0,7.0
8,7.0,9.0,5.0,0.0,4.0,3.0,2.0,0.0,3.0,6.0,5.0,6.0,6.0,5.0
9,6.0,4.0,6.0,2.0,5.0,0.0,2.0,0.0,1.0,6.0,6.0,6.0,5.0,5.0
10,6.0,8.0,6.0,2.0,0.0,0.0,2.0,1.0,0.0,6.0,6.0,6.0,7.0,4.0
11,6.0,7.0,5.0,3.0,4.0,0.0,8.0,1.0,3.0,7.0,4.0,6.0,4.0,6.0
12,6.0,6.0,7.0,3.0,7.0,0.0,4.0,1.0,1.0,6.0,2.0,6.0,8.0,7.0
13,7.0,7.0,7.0,5.0,0.0,2.0,4.0,1.0,6.0,5.0,5.0,6.0,3.0,6.0
14,8.0,6.0,4.0,1.0,5.0,8.0,9.0,7.0,4.0,5.0,4.0,5.0,5.0,4.0
15,8.0,6.0,5.0,5.0,0.0,0.0,0.0,2.0,3.0,7.0,6.0,6.0,7.0,4.0
16,2.0,6.0,8.0,4.0,5.0,1.0,10.0,8.0,0.0,0.0,5.0,6.0,5.0,5.0
17,5.0,6.0,1.0,5.0,6.0,5.0,3.0,6.0,6.0,2.0,3.0,5.0,3.0,5.0
18,10.0,4.0,5.0,5.0,0.0,7.0,2.0,0.0,1.0,3.0,9.0,4.0,7.0,8.0
19,6.0,6.0,5.0,6.0,5.0,3.0,2.0,6.0,8.0,6.0,4.0,6.0,6.0,5.0
20,9.0,6.0,4.0,5.0,0.0,0.0,4.0,1.0,6.0,7.0,5.0,7.0,7.0,5.0
21,5.0,4.0,8.0,0.0,8.0,2.0,8.0,6.0,10.0,6.0,6.0,0.0,6.0,3.0
22,5.0,6.0,3.0,5.0,7.0,0.0,10.0,0.0,6.0,6.0,6.0,4.0,5.0,3.0
23,3.0,6.0,2.0,2.0,6.0,1.0,0.0,5.0,0.0,4.0,7.0,6.0,4.0,5.0
24,5.0,9.0,3.0,5.0,4.0,0.0,0.0,7.0,8.0,6.0,6.0,5.0,6.0,3.0
25,9.0,8.0,7.0,2.0,1.0,2.0,0.0,6.0,0.0,2.0,7.0,6.0,5.0,5.0
26,3.0,6.0,4.0,6.0,6.0,2.0,11.0,6.0,7.0,4.0,6.0,5.0,8.0,4.0
27,9.0,5.0,6.0,4.0,2.0,10.0,7.0,2.0,6.0,6.0,5.0,6.0,7.0,4.0
28,7.0,6.0,3.0,4.0,7.0,1.0,0.0,1.0,3.0,6.0,5.0,6.0,6.0,5.0
29,8.0,6.0,6.0,6.0,5.0,7.0,3.0,0.0,6.0,4.0,6.0,5.0,5.0,5.0
30,6.0,6.0,0.0,5.0,1.0,3.0,2.0,1.0,5.0,6.0,7.0,1.0,6.0,5.0
31,6.0,6.0,4.0,3.0,1.0,0.0,0.0,2.0,6.0,1.0,5.0,2.0,6.0,5.0
32,7.0,6.0,7.0,3.0,7.0,5.0,1.0,1.0,1.0,4.0,6.0,7.0,6.0,7.0
33,7.0,6.0,4.0,3.0,3.0,0.0,3.0,6.0,0.0,6.0,5.0,6.0,6.0,2.0
34,6.0,6.0,7.0,6.0,3.0,0.0,9.0,0.0,1.0,2.0,4.0,3.0,2.0,4.0
35,7.0,6.0,5.0,5.0,8.0,0.0,0.0,0.0,4.0,6.0,6.0,7.0,8.0,4.0
36,5.0,7.0,4.0,4.0,0.0,0.0,0.0,0.0,4.0,6.0,6.0,4.0,7.0,4.0
37,1.0,5.0,1.0,4.0,0.0,0.0,0.0,0.0,7.0,6.0,6.0,5.0,8.0,7.0
38,0.0,7.0,5.0,6.0,1.0,4.0,6.0,6.0,7.0,6.0,6.0,6.0,4.0,6.0
39,4.0,6.0,3.0,5.0,4.0,0.0,8.0,9.0,2.0,7.0,6.0,5.0,8.0,6.0
40,7.0,7.0,5.0,3.0,4.0,0.0,2.0,7.0,2.0,3.0,4.0,6.0,4.0,6.0
41,7.0,7.0,4.0,0.0,0.0,9.0,9.0,7.0,1.0,5.0,6.0,5.0,7.0,2.0
42,8.0,7.0,4.0,1.0,7.0,9.0,1.0,2.0,5.0,4.0,7.0,7.0,8.0,5.0
43,9.0,6.0,3.0,2.0,7.0,0.0,4.0,3.0,5.0,6.0,5.0,6.0,7.0,4.0
44,0.0,7.0,5.0,4.0,6.0,3.0,3.0,1.0,6.0,5.0,5.0,4.0,4.0,6.0
45,7.0,6.0,4.0,0.0,7.0,0.0,2.0,3.0,6.0,1.0,6.0,6.0,6.0,3.0
46,3.0,5.0,0.0,4.0,3.0,0.0,1.0,6.0,3.0,2.0,6.0,8.0,8.0,2.0
47,7.0,2.0,4.0,0.0,5.0,4.0,3.0,0.0,4.0,6.0,4.0,6.0,7.0,4.0
48,3.0,3.0,2.0,4.0,6.0,0.0,0.0,5.0,5.0,7.0,6.0,6.0,5.0,4.0
49,7.0,8.0,0.0,5.0,2.0,0.0,0.0,0.0,0.0,4.0,4.0,6.0,7.0,0.0
50,7.0,6.0,5.0,7.0,7.0,2.0,0.0,0.0,7.0,6.0,5.0,6.0,6.0,6.0
51,5.0,6.0,7.0,5.0,1.0,1.0,0.0,1.0,3.0,5.0,6.0,5.0,6.0,6.0
52,8.0,8.0,0.0,5.0,4.0,2.0,0.0,6.0,2.0,5.0,5.0,6.0,4.0,6.0
53,7.0,6.0,4.0,4.0,5.0,7.0,7.0,5.0,4.0,7.0,4.0,6.0,6.0,4.0
54,6.0,6.0,2.0,3.0,4.0,0.0,0.0,0.0,7.0,5.0,7.0,6.0,5.0,4.0
55,7.0,5.0,5.0,2.0,3.0,1.0,0.0,8.0,0.0,5.0,5.0,7.0,4.0,2.0
56,6.0,7.0,6.0,5.0,0.0,7.0,4.0,1.0,0.0,4.0,7.0,5.0,8.0,7.0
57,7.0,6.0,3.0,5.0,1.0,0.0,0.0,0.0,2.0,6.0,6.0,5.0,5.0,8.0
58,7.0,7.0,7.0,0.0,7.0,0.0,2.0,0.0,0.0,3.0,6.0,5.0,6.0,4.0
59,7.0,6.0,2.0,3.0,2.0,0.0,0.0,0.0,2.0,0.0,7.0,6.0,5.0,6.0
60,5.0,8.0,7.0,5.0,7.0,0.0,0.0,0.0,6.0,5.0,6.0,3.0,6.0,3.0
61,7.0,3.0,1.0,3.0,6.0,0.0,2.0,0.0,1.0,3.0,5.0,5.0,5.0,5.0
62,0.0,6.0,6.0,3.0,4.0,2.0,10.0,1.0,2.0,6.0,6.0,6.0,5.0,4.0
63,8.0,7.0,0.0,5.0,4.0,10.0,1.0,1.0,0.0,6.0,6.0,5.0,5.0,2.0
64,4.0,8.0,3.0,0.0,10.0,0.0,0.0,0.0,6.0,6.0,6.0,7.0,5.0,4.0
65,2.0,6.0,9.0,1.0,0.0,1.0,0.0,2.0,7.0,6.0,6.0,4.0,7.0,5.0
66,5.0,6.0,5.0,5.0,4.0,0.0,4.0,8.0,2.0,6.0,6.0,6.0,6.0,7.0
67,7.0,5.0,7.0,6.0,5.0,10.0,6.0,0.0,6.0,3.0,7.0,6.0,6.0,7.0
68,0.0,6.0,3.0,6.0,2.0,7.0,0.0,7.0,7.0,7.0,7.0,7.0,5.0,4.0
69,6.0,1.0,3.0,5.0,7.0,0.0,0.0,8.0,2.0,4.0,6.0,5.0,6.0,3.0
70,7.0,6.0,6.0,5.0,5.0,1.0,2.0,0.0,6.0,4.0,6.0,5.0,6.0,4.0
71,6.0,3.0,3.0,5.0,3.0,5.0,8.0,1.0,6.0,7.0,3.0,6.0,8.0,3.0
72,7.0,5.0,5.0,0.0,1.0,0.0,0.0,1.0,0.0,6.0,5.0,5.0,6.0,5.0
73,7.0,9.0,4.0,0.0,0.0,0.0,0.0,0.0,0.0,0.0,5.0,0.0,5.0,4.0
74,7.0,8.0,4.0,5.0,0.0,0.0,0.0,6.0,6.0,6.0,4.0,7.0,5.0,3.0
75,6.0,6.0,5.0,5.0,4.0,0.0,0.0,7.0,1.0,6.0,4.0,4.0,7.0,5.0
76,5.0,6.0,3.0,4.0,8.0,3.0,0.0,2.0,6.0,5.0,6.0,0.0,8.0,0.0
77,6.0,9.0,7.0,2.0,7.0,8.0,0.0,0.0,8.0,6.0,7.0,5.0,4.0,1.0
78,5.0,9.0,8.0,4.0,0.0,1.0,3.0,2.0,2.0,1.0,6.0,6.0,6.0,4.0
79,0.0,3.0,3.0,4.0,5.0,0.0,0.0,9.0,0.0,3.0,6.0,5.0,6.0,2.0
80,8.0,0.0,1.0,3.0,7.0,0.0,0.0,5.0,6.0,1.0,4.0,6.0,7.0,4.0
81,7.0,7.0,3.0,4.0,8.0,8.0,3.0,8.0,6.0,7.0,4.0,6.0,6.0,2.0
82,7.0,6.0,5.0,5.0,1.0,7.0,2.0,0.0,6.0,6.0,3.0,7.0,3.0,5.0
83,7.0,5.0,0.0,5.0,5.0,5.0,3.0,2.0,7.0,1.0,7.0,6.0,7.0,7.0
84,3.0,6.0,4.0,3.0,7.0,5.0,0.0,0.0,5.0,6.0,6.0,5.0,6.0,1.0
85,7.0,5.0,4.0,2.0,0.0,4.0,5.0,6.0,5.0,1.0,5.0,6.0,5.0,4.0
86,8.0,3.0,4.0,1.0,0.0,0.0,2.0,0.0,7.0,5.0,6.0,6.0,5.0,4.0
87,8.0,5.0,4.0,3.0,7.0,0.0,0.0,0.0,0.0,5.0,5.0,5.0,3.0,3.0
88,8.0,6.0,8.0,4.0,5.0,7.0,7.0,9.0,6.0,4.0,6.0,1.0,1.0,3.0
89,6.0,6.0,5.0,3.0,0.0,0.0,0.0,2.0,6.0,2.0,5.0,5.0,7.0,4.0
90,8.0,7.0,5.0,5.0,5.0,8.0,1.0,4.0,5.0,5.0,6.0,5.0,5.0,7.0
91,6.0,6.0,5.0,4.0,7.0,2.0,2.0,10.0,3.0,7.0,6.0,6.0,7.0,3.0
92,6.0,3.0,5.0,5.0,0.0,2.0,1.0,5.0,4.0,5.0,3.0,6.0,6.0,4.0
93,3.0,6.0,3.0,6.0,9.0,9.0,10.0,2.0,3.0,5.0,6.0,4.0,6.0,3.0
94,2.0,6.0,6.0,2.0,7.0,9.0,0.0,6.0,6.0,6.0,5.0,4.0,0.0,6.0
95,5.0,7.0,0.0,3.0,0.0,0.0,2.0,1.0,3.0,5.0,5.0,4.0,5.0,2.0
96,5.0,5.0,0.0,2.0,0.0,4.0,0.0,6.0,6.0,6.0,7.0,6.0,6.0,8.0
97,8.0,6.0,2.0,5.0,5.0,0.0,0.0,7.0,3.0,7.0,6.0,7.0,6.0,6.0
98,3.0,7.0,6.0,3.0,1.0,8.0,2.0,4.0,5.0,0.0,6.0,4.0,6.0,2.0
99,9.0,6.0,5.0,5.0,5.0,4.0,9.0,0.0,3.0,5.0,5.0,5.0,5.0,7.0
100,7.0,6.0,4.0,2.0,7.0,9.0,0.0,0.0,5.0,4.0,6.0,6.0,3.0,5.0
101,9.0,5.0,6.0,0.0,3.0,5.0,0.0,5.0,4.0,7.0,6.0,7.0,5.0,5.0
102,7.0,6.0,3.0,4.0,8.0,3.0,0.0,3.0,2.0,6.0,2.0,7.0,0.0,4.0
103,9.0,7.0,4.0,2.0,7.0,0.0,7.0,0.0,7.0,4.0,5.0,6.0,1.0,7.0
104,3.0,9.0,3.0,5.0,10.0,0.0,5.0,5.0,5.0,6.0,7.0,7.0,4.0,4.0
105,7.0,7.0,7.0,4.0,9.0,0.0,2.0,2.0,0.0,5.0,7.0,2.0,5.0,3.0
106,7.0,8.0,5.0,3.0,10.0,1.0,10.0,7.0,5.0,3.0,5.0,5.0,7.0,5.0
107,4.0,8.0,8.0,4.0,0.0,4.0,2.0,0.0,0.0,6.0,6.0,5.0,6.0,6.0
108,5.0,4.0,4.0,2.0,0.0,1.0,0.0,6.0,5.0,6.0,6.0,5.0,7.0,7.0
109,7.0,6.0,7.0,0.0,6.0,4.0,8.0,1.0,7.0,5.0,7.0,5.0,6.0,8.0
110,6.0,6.0,0.0,5.0,0.0,9.0,0.0,0.0,5.0,6.0,6.0,6.0,5.0,4.0
111,9.0,4.0,5.0,5.0,1.0,9.0,0.0,2.0,7.0,7.0,5.0,5.0,6.0,7.0
112,7.0,4.0,4.0,4.0,8.0,0.0,0.0,1.0,7.0,5.0,7.0,4.0,6.0,5.0
113,6.0,7.0,5.0,6.0,5.0,3.0,3.0,0.0,4.0,7.0,7.0,2.0,5.0,6.0
114,7.0,6.0,4.0,3.0,4.0,0.0,3.0,0.0,2.0,6.0,6.0,3.0,5.0,2.0
115,8.0,6.0,5.0,2.0,0.0,0.0,9.0,2.0,6.0,6.0,6.0,4.0,6.0,4.0
116,7.0,9.0,4.0,0.0,8.0,6.0,0.0,7.0,6.0,5.0,5.0,5.0,5.0,7.0
117,5.0,6.0,3.0,0.0,0.0,7.0,0.0,7.0,5.0,5.0,6.0,4.0,4.0,6.0
118,7.0,6.0,0.0,3.0,0.0,0.0,1.0,0.0,7.0,6.0,3.0,7.0,4.0,5.0
119,2.0,7.0,4.0,3.0,2.0,1.0,0.0,0.0,4.0,5.0,6.0,7.0,7.0,5.0
120,6.0,5.0,1.0,1.0,3.0,0.0,3.0,0.0,2.0,5.0,6.0,1.0,3.0,5.0
121,5.0,5.0,4.0,2.0,6.0,1.0,2.0,2.0,4.0,2.0,3.0,3.0,7.0,2.0
122,6.0,7.0,7.0,4.0,7.0,9.0,4.0,0.0,2.0,2.0,5.0,6.0,6.0,0.0
123,7.0,8.0,0.0,4.0,4.0,8.0,0.0,0.0,7.0,6.0,5.0,6.0,6.0,1.0
124,7.0,6.0,4.0,0.0,2.0,5.0,1.0,7.0,4.0,8.0,4.0,2.0,7.0,6.0
125,6.0,2.0,5.0,4.0,1.0,3.0,0.0,6.0,8.0,6.0,6.0,6.0,6.0,5.0
126,7.0,6.0,6.0,4.0,6.0,0.0,5.0,1.0,7.0,7.0,5.0,6.0,4.0,5.0
127,4.0,6.0,3.0,5.0,5.0,7.0,1.0,0.0,2.0,6.0,5.0,6.0,5.0,7.0
128,5.0,2.0,3.0,5.0,3.0,2.0,0.0,6.0,7.0,6.0,6.0,5.0,5.0,3.0
129,9.0,6.0,2.0,0.0,5.0,1.0,0.0,0.0,5.0,5.0,4.0,7.0,6.0,6.0
130,8.0,3.0,0.0,3.0,5.0,3.0,2.0,0.0,6.0,6.0,6.0,5.0,5.0,2.0
131,7.0,6.0,4.0,3.0,0.0,6.0,5.0,1.0,5.0,5.0,5.0,6.0,6.0,4.0
132,5.0,3.0,2.0,5.0,5.0,8.0,1.0,1.0,5.0,7.0,6.0,6.0,6.0,5.0
133,5.0,7.0,7.0,5.0,0.0,3.0,0.0,0.0,0.0,4.0,5.0,1.0,3.0,5.0
134,7.0,9.0,7.0,0.0,7.0,9.0,1.0,0.0,1.0,3.0,8.0,5.0,6.0,4.0
135,6.0,7.0,8.0,5.0,9.0,0.0,1.0,1.0,5.0,7.0,5.0,5.0,6.0,3.0
136,5.0,8.0,4.0,0.0,9.0,0.0,0.0,5.0,6.0,5.0,3.0,3.0,6.0,5.0
137,0.0,6.0,6.0,0.0,5.0,0.0,7.0,1.0,7.0,2.0,6.0,2.0,6.0,5.0
138,4.0,6.0,6.0,4.0,6.0,0.0,0.0,1.0,4.0,3.0,6.0,6.0,5.0,6.0
139,4.0,6.0,0.0,4.0,7.0,3.0,2.0,1.0,2.0,7.0,1.0,7.0,5.0,5.0
140,9.0,6.0,4.0,4.0,0.0,0.0,9.0,2.0,0.0,3.0,6.0,7.0,5.0,7.0
141,2.0,6.0,1.0,4.0,7.0,6.0,2.0,0.0,6.0,0.0,6.0,6.0,7.0,6.0
142,7.0,3.0,6.0,5.0,7.0,3.0,0.0,0.0,5.0,0.0,2.0,5.0,6.0,7.0
143,6.0,9.0,2.0,2.0,1.0,3.0,0.0,7.0,0.0,5.0,4.0,6.0,6.0,6.0
144,7.0,6.0,0.0,3.0,3.0,8.0,3.0,2.0,0.0,5.0,7.0,5.0,6.0,6.0
145,1.0,6.0,5.0,0.0,0.0,0.0,9.0,7.0,7.0,0.0,5.0,4.0,5.0,6.0
146,6.0,0.0,7.0,0.0,6.0,7.0,0.0,7.0,5.0,5.0,6.0,6.0,7.0,6.0
147,6.0,0.0,7.0,1.0,8.0,0.0,0.0,6.0,6.0,8.0,7.0,6.0,6.0,3.0
148,6.0,6.0,0.0,0.0,4.0,7.0,3.0,0.0,5.0,4.0,4.0,7.0,6.0,7.0
149,6.0,6.0,0.0,5.0,3.0,0.0,9.0,7.0,8.0,5.0,6.0,4.0,8.0,2.0
150,7.0,6.0,5.0,7.0,5.0,0.0,10.0,6.0,0.0,6.0,4.0,4.0,6.0,5.0
151,9.0,6.0,0.0,5.0,9.0,0.0,1.0,0.0,1.0,6.0,6.0,2.0,7.0,3.0
152,7.0,6.0,0.0,5.0,6.0,9.0,7.0,7.0,4.0,6.0,6.0,7.0,4.0,4.0
153,7.0,6.0,7.0,4.0,0.0,9.0,0.0,8.0,2.0,7.0,3.0,5.0,5.0,7.0
154,9.0,4.0,0.0,0.0,0.0,0.0,0.0,1.0,5.0,7.0,4.0,5.0,7.0,5.0
155,6.0,1.0,2.0,2.0,7.0,1.0,6.0,8.0,3.0,6.0,5.0,5.0,6.0,7.0
156,8.0,6.0,0.0,5.0,5.0,1.0,2.0,3.0,0.0,6.0,4.0,3.0,5.0,5.0
157,8.0,6.0,8.0,5.0,7.0,0.0,0.0,3.0,0.0,6.0,6.0,6.0,7.0,4.0
158,5.0,9.0,0.0,3.0,0.0,0.0,10.0,4.0,5.0,5.0,5.0,5.0,7.0,6.0
159,5.0,0.0,3.0,1.0,8.0,3.0,3.0,1.0,2.0,4.0,7.0,6.0,7.0,5.0
160,7.0,2.0,0.0,4.0,0.0,0.0,9.0,0.0,6.0,5.0,5.0,4.0,6.0,2.0
161,9.0,6.0,7.0,4.0,7.0,0.0,4.0,6.0,4.0,6.0,3.0,5.0,4.0,5.0
162,3.0,6.0,5.0,5.0,8.0,0.0,0.0,1.0,0.0,6.0,4.0,3.0,3.0,5.0
163,7.0,7.0,6.0,5.0,0.0,3.0,2.0,0.0,3.0,5.0,5.0,3.0,4.0,4.0
164,8.0,6.0,4.0,5.0,9.0,0.0,0.0,1.0,3.0,0.0,1.0,6.0,6.0,4.0
165,7.0,1.0,4.0,4.0,4.0,0.0,1.0,6.0,6.0,0.0,6.0,5.0,5.0,2.0
166,7.0,6.0,5.0,5.0,0.0,1.0,0.0,5.0,4.0,7.0,9.0,8.0,7.0,4.0
167,6.0,6.0,0.0,2.0,7.0,0.0,10.0,4.0,6.0,5.0,0.0,7.0,6.0,4.0
168,0.0,6.0,7.0,0.0,7.0,0.0,5.0,0.0,4.0,4.0,4.0,6.0,6.0,5.0
169,7.0,6.0,0.0,4.0,0.0,0.0,0.0,1.0,7.0,6.0,2.0,0.0,5.0,7.0
170,6.0,9.0,5.0,4.0,7.0,1.0,0.0,0.0,8.0,4.0,6.0,4.0,4.0,2.0
171,5.0,8.0,7.0,2.0,7.0,10.0,1.0,0.0,3.0,4.0,5.0,7.0,5.0,5.0
172,8.0,8.0,5.0,4.0,0.0,0.0,0.0,0.0,4.0,6.0,6.0,7.0,6.0,2.0
173,7.0,6.0,3.0,2.0,6.0,1.0,3.0,7.0,5.0,6.0,7.0,6.0,2.0,3.0
174,5.0,8.0,8.0,0.0,5.0,0.0,0.0,0.0,0.0,6.0,6.0,5.0,6.0,4.0
175,7.0,6.0,7.0,1.0,10.0,0.0,0.0,0.0,0.0,4.0,4.0,5.0,6.0,3.0
176,8.0,5.0,6.0,0.0,1.0,9.0,0.0,7.0,8.0,3.0,5.0,3.0,5.0,4.0
177,4.0,6.0,5.0,6.0,0.0,1.0,0.0,2.0,3.0,2.0,6.0,7.0,6.0,6.0
178,5.0,2.0,0.0,5.0,2.0,0.0,3.0,6.0,1.0,6.0,7.0,5.0,6.0,4.0
179,4.0,6.0,4.0,3.0,0.0,1.0,9.0,0.0,0.0,5.0,6.0,7.0,7.0,4.0
180,6.0,6.0,2.0,1.0,2.0,9.0,7.0,0.0,8.0,7.0,0.0,7.0,6.0,3.0
181,4.0,4.0,7.0,0.0,0.0,0.0,2.0,7.0,0.0,4.0,5.0,1.0,5.0,4.0
182,7.0,4.0,5.0,6.0,6.0,5.0,5.0,6.0,5.0,5.0,7.0,4.0,4.0,7.0
183,5.0,9.0,0.0,1.0,8.0,10.0,0.0,6.0,3.0,4.0,7.0,5.0,6.0,6.0
184,7.0,9.0,3.0,3.0,2.0,0.0,1.0,1.0,2.0,6.0,2.0,6.0,7.0,7.0
185,7.0,6.0,3.0,7.0,7.0,0.0,9.0,6.0,8.0,6.0,7.0,5.0,6.0,6.0
186,7.0,5.0,6.0,1.0,0.0,0.0,0.0,1.0,0.0,7.0,4.0,7.0,5.0,3.0
187,8.0,8.0,7.0,3.0,0.0,0.0,0.0,1.0,5.0,6.0,3.0,3.0,2.0,6.0
188,6.0,5.0,5.0,2.0,0.0,0.0,0.0,0.0,5.0,5.0,5.0,4.0,6.0,2.0
189,7.0,7.0,5.0,6.0,7.0,1.0,0.0,0.0,2.0,4.0,5.0,7.0,6.0,6.0
190,8.0,6.0,7.0,2.0,10.0,0.0,0.0,7.0,0.0,0.0,6.0,6.0,2.0,4.0
191,6.0,6.0,4.0,4.0,7.0,1.0,5.0,0.0,6.0,6.0,6.0,6.0,7.0,7.0
192,6.0,7.0,0.0,3.0,4.0,0.0,2.0,8.0,0.0,7.0,6.0,6.0,4.0,7.0
193,2.0,6.0,4.0,3.0,4.0,0.0,6.0,8.0,6.0,5.0,5.0,6.0,6.0,5.0
194,8.0,9.0,7.0,4.0,4.0,7.0,3.0,1.0,4.0,6.0,5.0,6.0,6.0,4.0
195,6.0,6.0,5.0,0.0,5.0,0.0,0.0,3.0,1.0,9.0,6.0,6.0,5.0,1.0
196,9.0,7.0,3.0,0.0,0.0,3.0,0.0,6.0,3.0,7.0,6.0,7.0,6.0,5.0
197,0.0,6.0,3.0,5.0,2.0,5.0,8.0,7.0,8.0,2.0,6.0,6.0,6.0,5.0
198,6.0,5.0,4.0,1.0,6.0,5.0,0.0,5.0,3.0,6.0,6.0,4.0,5.0,5.0
199,7.0,8.0,7.0,5.0,6.0,2.0,0.0,0.0,1.0,6.0,6.0,6.0,6.0,6.0
200,5.0,6.0,3.0,5.0,6.0,2.0,4.0,4.0,5.0,6.0,5.0,4.0,7.0,5.0
201,6.0,6.0,6.0,5.0,3.0,0.0,0.0,1.0,0.0,5.0,6.0,6.0,6.0,4.0
202,7.0,7.0,1.0,5.0,2.0,5.0,2.0,0.0,3.0,6.0,5.0,7.0,4.0,4.0
203,3.0,9.0,6.0,3.0,0.0,0.0,5.0,1.0,7.0,7.0,6.0,7.0,6.0,6.0
204,8.0,7.0,3.0,5.0,4.0,8.0,2.0,5.0,8.0,5.0,5.0,6.0,8.0,4.0
205,4.0,5.0,0.0,3.0,4.0,2.0,9.0,7.0,0.0,6.0,3.0,6.0,6.0,4.0
206,8.0,9.0,1.0,4.0,5.0,0.0,7.0,5.0,1.0,0.0,6.0,6.0,4.0,3.0
207,3.0,8.0,2.0,3.0,3.0,0.0,9.0,1.0,0.0,5.0,0.0,7.0,5.0,5.0
208,7.0,8.0,4.0,4.0,1.0,0.0,0.0,6.0,0.0,6.0,4.0,5.0,6.0,5.0
209,5.0,7.0,0.0,5.0,6.0,0.0,1.0,8.0,1.0,4.0,3.0,5.0,5.0,1.0
210,7.0,6.0,1.0,4.0,2.0,0.0,1.0,2.0,6.0,4.0,6.0,5.0,6.0,1.0
211,8.0,6.0,4.0,5.0,0.0,0.0,1.0,1.0,1.0,5.0,6.0,7.0,6.0,8.0
212,3.0,6.0,7.0,4.0,9.0,0.0,3.0,1.0,2.0,7.0,7.0,5.0,6.0,2.0
213,7.0,2.0,7.0,5.0,6.0,0.0,2.0,1.0,3.0,3.0,5.0,5.0,7.0,4.0
214,6.0,6.0,4.0,3.0,6.0,0.0,11.0,8.0,5.0,5.0,6.0,5.0,8.0,6.0
215,7.0,2.0,6.0,4.0,1.0,0.0,10.0,6.0,3.0,4.0,6.0,7.0,6.0,5.0
216,7.0,8.0,1.0,5.0,6.0,0.0,0.0,0.0,2.0,5.0,0.0,6.0,8.0,3.0
217,9.0,4.0,6.0,5.0,5.0,3.0,0.0,0.0,5.0,6.0,6.0,6.0,4.0,3.0
218,7.0,7.0,3.0,4.0,4.0,1.0,3.0,1.0,2.0,6.0,7.0,4.0,1.0,4.0
219,6.0,7.0,7.0,0.0,1.0,0.0,0.0,1.0,0.0,6.0,6.0,5.0,3.0,6.0
220,8.0,9.0,1.0,5.0,0.0,2.0,2.0,7.0,6.0,0.0,6.0,6.0,7.0,5.0
221,4.0,7.0,5.0,3.0,6.0,2.0,2.0,1.0,6.0,4.0,7.0,6.0,7.0,4.0
222,0.0,3.0,3.0,4.0,1.0,0.0,0.0,1.0,3.0,7.0,3.0,5.0,6.0,5.0
223,7.0,6.0,7.0,1.0,0.0,9.0,2.0,8.0,2.0,6.0,7.0,6.0,6.0,1.0
224,7.0,8.0,6.0,3.0,0.0,2.0,2.0,8.0,5.0,6.0,5.0,4.0,6.0,5.0
225,6.0,2.0,7.0,1.0,4.0,7.0,0.0,5.0,0.0,4.0,4.0,6.0,6.0,10.0
226,6.0,7.0,6.0,5.0,7.0,7.0,1.0,2.0,5.0,5.0,6.0,6.0,6.0,5.0
227,4.0,6.0,6.0,4.0,7.0,0.0,0.0,0.0,0.0,5.0,6.0,6.0,6.0,5.0
228,7.0,5.0,5.0,5.0,5.0,9.0,7.0,8.0,1.0,5.0,6.0,5.0,5.0,4.0
229,8.0,6.0,4.0,4.0,1.0,0.0,5.0,0.0,6.0,7.0,5.0,6.0,5.0,5.0
230,5.0,6.0,0.0,3.0,5.0,1.0,4.0,6.0,3.0,7.0,4.0,7.0,6.0,4.0
231,6.0,4.0,5.0,5.0,2.0,0.0,0.0,9.0,2.0,5.0,4.0,4.0,5.0,6.0
232,7.0,6.0,1.0,4.0,4.0,7.0,9.0,0.0,8.0,5.0,5.0,6.0,5.0,2.0
233,7.0,5.0,0.0,2.0,0.0,1.0,0.0,2.0,0.0,5.0,6.0,4.0,7.0,2.0
234,6.0,8.0,5.0,4.0,3.0,0.0,2.0,5.0,3.0,8.0,6.0,6.0,7.0,5.0
235,7.0,5.0,7.0,1.0,4.0,3.0,0.0,10.0,5.0,6.0,6.0,4.0,7.0,2.0
236,5.0,6.0,0.0,6.0,6.0,0.0,2.0,3.0,4.0,5.0,3.0,3.0,6.0,2.0
237,7.0,5.0,2.0,6.0,7.0,3.0,0.0,0.0,6.0,6.0,3.0,5.0,6.0,2.0
238,7.0,6.0,6.0,2.0,3.0,0.0,6.0,0.0,2.0,4.0,4.0,4.0,5.0,4.0
239,7.0,6.0,1.0,6.0,7.0,6.0,5.0,1.0,4.0,1.0,7.0,6.0,7.0,5.0
240,7.0,6.0,4.0,5.0,0.0,2.0,8.0,1.0,5.0,6.0,5.0,5.0,0.0,3.0
241,6.0,5.0,4.0,6.0,4.0,0.0,3.0,0.0,0.0,6.0,5.0,4.0,6.0,4.0
242,7.0,9.0,0.0,3.0,0.0,0.0,3.0,0.0,0.0,1.0,2.0,6.0,6.0,5.0
243,5.0,5.0,4.0,0.0,7.0,0.0,0.0,7.0,0.0,6.0,3.0,7.0,5.0,5.0
244,6.0,6.0,7.0,4.0,7.0,1.0,1.0,0.0,6.0,5.0,5.0,10.0,6.0,2.0
245,7.0,5.0,8.0,5.0,5.0,6.0,0.0,4.0,0.0,5.0,6.0,5.0,6.0,5.0
246,7.0,6.0,0.0,4.0,4.0,6.0,0.0,2.0,6.0,4.0,6.0,6.0,6.0,3.0
247,3.0,5.0,4.0,3.0,0.0,0.0,0.0,1.0,4.0,1.0,6.0,0.0,5.0,5.0
248,5.0,6.0,4.0,4.0,0.0,0.0,0.0,1.0,0.0,5.0,3.0,8.0,4.0,4.0
249,8.0,6.0,9.0,5.0,8.0,1.0,10.0,0.0,3.0,4.0,6.0,3.0,6.0,2.0
250,6.0,9.0,1.0,0.0,4.0,0.0,0.0,7.0,0.0,7.0,6.0,7.0,5.0,7.0
251,7.0,6.0,5.0,5.0,7.0,0.0,0.0,0.0,0.0,6.0,6.0,6.0,4.0,0.0
252,4.0,8.0,1.0,1.0,6.0,3.0,3.0,7.0,3.0,7.0,2.0,6.0,5.0,5.0
253,7.0,7.0,6.0,5.0,7.0,4.0,5.0,8.0,0.0,4.0,6.0,5.0,6.0,5.0
254,5.0,8.0,6.0,2.0,0.0,0.0,1.0,7.0,7.0,6.0,5.0,5.0,6.0,5.0
255,6.0,6.0,8.0,1.0,0.0,6.0,0.0,5.0,3.0,6.0,4.0,6.0,5.0,3.0
256,0.0,8.0,4.0,5.0,0.0,0.0,9.0,0.0,0.0,4.0,5.0,4.0,5.0,3.0
257,5.0,7.0,3.0,3.0,2.0,5.0,5.0,5.0,4.0,5.0,3.0,6.0,0.0,5.0
258,7.0,7.0,5.0,5.0,6.0,0.0,4.0,2.0,0.0,3.0,6.0,6.0,4.0,1.0
259,5.0,6.0,4.0,5.0,5.0,0.0,0.0,0.0,1.0,6.0,4.0,6.0,7.0,0.0
260,1.0,5.0,3.0,7.0,5.0,0.0,2.0,0.0,6.0,5.0,6.0,4.0,5.0,5.0
261,7.0,6.0,3.0,4.0,0.0,7.0,7.0,0.0,0.0,6.0,6.0,6.0,6.0,3.0
262,2.0,5.0,6.0,1.0,0.0,9.0,2.0,9.0,3.0,6.0,6.0,4.0,5.0,6.0
263,9.0,7.0,1.0,2.0,5.0,0.0,2.0,1.0,5.0,6.0,5.0,5.0,6.0,4.0
264,7.0,6.0,0.0,3.0,4.0,0.0,0.0,7.0,0.0,7.0,3.0,8.0,5.0,6.0
265,7.0,6.0,4.0,0.0,4.0,1.0,0.0,0.0,2.0,3.0,6.0,6.0,5.0,7.0
266,1.0,6.0,4.0,4.0,6.0,7.0,0.0,9.0,4.0,3.0,9.0,7.0,6.0,4.0
267,6.0,6.0,3.0,5.0,0.0,1.0,1.0,3.0,7.0,7.0,7.0,5.0,6.0,2.0
268,8.0,8.0,3.0,2.0,0.0,0.0,1.0,2.0,6.0,6.0,5.0,4.0,6.0,0.0
269,4.0,5.0,6.0,0.0,7.0,0.0,8.0,0.0,6.0,7.0,6.0,4.0,4.0,4.0
270,5.0,6.0,7.0,5.0,0.0,0.0,0.0,0.0,8.0,5.0,5.0,6.0,1.0,7.0
271,0.0,8.0,5.0,5.0,7.0,7.0,0.0,1.0,6.0,8.0,5.0,4.0,3.0,4.0
272,9.0,6.0,3.0,4.0,7.0,0.0,1.0,0.0,6.0,3.0,0.0,5.0,6.0,4.0
273,4.0,6.0,6.0,3.0,6.0,2.0,0.0,3.0,7.0,2.0,7.0,6.0,7.0,4.0
274,3.0,8.0,2.0,4.0,0.0,6.0,3.0,8.0,7.0,4.0,5.0,5.0,5.0,5.0
275,7.0,2.0,2.0,4.0,0.0,0.0,0.0,8.0,2.0,6.0,6.0,5.0,7.0,3.0
276,10.0,5.0,7.0,0.0,4.0,0.0,0.0,7.0,4.0,4.0,4.0,5.0,5.0,5.0
277,8.0,6.0,0.0,4.0,4.0,5.0,1.0,2.0,5.0,6.0,3.0,7.0,8.0,4.0
278,7.0,6.0,1.0,6.0,7.0,10.0,3.0,7.0,1.0,8.0,4.0,5.0,6.0,0.0
279,8.0,2.0,3.0,5.0,1.0,2.0,0.0,0.0,6.0,0.0,5.0,4.0,6.0,4.0
280,7.0,9.0,0.0,0.0,6.0,6.0,8.0,3.0,5.0,6.0,7.0,6.0,6.0,7.0
281,6.0,6.0,6.0,5.0,4.0,0.0,0.0,2.0,6.0,5.0,2.0,7.0,4.0,3.0
282,2.0,6.0,0.0,0.0,0.0,0.0,4.0,6.0,5.0,7.0,6.0,4.0,2.0,5.0
283,8.0,5.0,0.0,2.0,1.0,1.0,7.0,4.0,2.0,5.0,6.0,4.0,6.0,4.0
284,3.0,6.0,7.0,1.0,6.0,0.0,10.0,7.0,1.0,6.0,6.0,6.0,5.0,4.0
285,6.0,6.0,2.0,4.0,8.0,10.0,0.0,0.0,2.0,5.0,5.0,6.0,6.0,3.0
286,8.0,4.0,0.0,0.0,7.0,9.0,0.0,9.0,6.0,6.0,5.0,6.0,4.0,4.0
287,9.0,6.0,4.0,4.0,0.0,9.0,3.0,0.0,2.0,5.0,5.0,5.0,4.0,6.0
288,8.0,7.0,3.0,2.0,3.0,0.0,2.0,6.0,6.0,7.0,3.0,5.0,6.0,4.0
289,9.0,6.0,3.0,5.0,4.0,0.0,0.0,0.0,4.0,7.0,6.0,6.0,6.0,5.0
290,9.0,7.0,4.0,4.0,7.0,0.0,0.0,1.0,6.0,7.0,5.0,6.0,5.0,5.0
291,7.0,6.0,4.0,5.0,2.0,0.0,0.0,1.0,5.0,6.0,7.0,4.0,5.0,3.0
292,8.0,6.0,7.0,0.0,0.0,8.0,2.0,1.0,6.0,2.0,2.0,2.0,4.0,5.0
293,3.0,6.0,1.0,6.0,2.0,0.0,0.0,0.0,7.0,5.0,6.0,5.0,7.0,1.0
294,7.0,3.0,6.0,5.0,0.0,0.0,6.0,6.0,1.0,3.0,5.0,5.0,6.0,7.0
295,5.0,6.0,4.0,6.0,6.0,5.0,5.0,0.0,4.0,4.0,6.0,7.0,6.0,4.0
296,4.0,6.0,3.0,3.0,2.0,0.0,0.0,0.0,3.0,7.0,2.0,5.0,6.0,2.0
297,4.0,6.0,5.0,5.0,7.0,0.0,0.0,6.0,3.0,4.0,6.0,6.0,0.0,7.0
298,5.0,1.0,5.0,3.0,7.0,1.0,0.0,0.0,6.0,6.0,7.0,7.0,2.0,6.0
299,5.0,5.0,3.0,8.0,0.0,0.0,3.0,4.0,1.0,6.0,0.0,3.0,9.0,5.0
300,7.0,6.0,4.0,3.0,3.0,2.0,0.0,0.0,2.0,6.0,4.0,6.0,7.0,6.0
301,7.0,6.0,3.0,4.0,2.0,0.0,2.0,0.0,4.0,3.0,6.0,5.0,6.0,2.0
302,7.0,7.0,0.0,5.0,7.0,0.0,8.0,0.0,0.0,0.0,4.0,6.0,0.0,6.0
303,7.0,5.0,6.0,3.0,2.0,1.0,0.0,1.0,0.0,3.0,6.0,6.0,4.0,4.0
304,7.0,6.0,5.0,1.0,0.0,0.0,0.0,5.0,5.0,7.0,4.0,3.0,8.0,6.0
305,8.0,7.0,5.0,3.0,4.0,0.0,0.0,2.0,2.0,6.0,4.0,6.0,6.0,4.0
306,7.0,6.0,4.0,3.0,7.0,1.0,9.0,2.0,4.0,6.0,6.0,6.0,6.0,7.0
307,7.0,8.0,5.0,6.0,3.0,4.0,4.0,1.0,3.0,5.0,5.0,6.0,6.0,5.0
308,7.0,6.0,1.0,4.0,3.0,1.0,3.0,0.0,2.0,4.0,5.0,3.0,7.0,3.0
309,7.0,6.0,6.0,4.0,7.0,0.0,2.0,5.0,4.0,6.0,6.0,6.0,6.0,1.0
310,9.0,6.0,4.0,3.0,3.0,10.0,0.0,4.0,0.0,0.0,3.0,5.0,5.0,5.0
311,6.0,6.0,8.0,5.0,7.0,3.0,1.0,0.0,0.0,5.0,6.0,4.0,6.0,5.0
312,1.0,3.0,7.0,2.0,6.0,0.0,2.0,0.0,0.0,7.0,6.0,6.0,4.0,5.0
313,7.0,5.0,5.0,5.0,1.0,5.0,0.0,7.0,5.0,6.0,6.0,7.0,5.0,5.0
314,6.0,4.0,7.0,5.0,0.0,2.0,0.0,0.0,5.0,5.0,4.0,7.0,3.0,5.0
315,7.0,8.0,8.0,4.0,5.0,0.0,4.0,0.0,3.0,4.0,5.0,5.0,4.0,7.0
316,7.0,6.0,7.0,1.0,4.0,0.0,1.0,5.0,3.0,6.0,5.0,5.0,4.0,5.0
317,6.0,4.0,0.0,5.0,4.0,2.0,4.0,0.0,4.0,3.0,5.0,7.0,7.0,4.0
318,8.0,7.0,4.0,2.0,7.0,0.0,4.0,7.0,5.0,5.0,6.0,5.0,5.0,6.0
319,7.0,3.0,7.0,5.0,5.0,0.0,2.0,0.0,0.0,6.0,4.0,6.0,7.0,6.0
320,6.0,4.0,4.0,1.0,0.0,0.0,4.0,0.0,4.0,6.0,4.0,6.0,6.0,5.0
321,8.0,6.0,5.0,5.0,8.0,8.0,2.0,0.0,0.0,6.0,4.0,6.0,6.0,5.0
322,6.0,7.0,4.0,5.0,2.0,0.0,0.0,8.0,5.0,4.0,5.0,6.0,1.0,4.0
323,4.0,6.0,8.0,0.0,7.0,7.0,3.0,2.0,4.0,5.0,5.0,6.0,8.0,6.0
324,5.0,6.0,7.0,0.0,4.0,0.0,0.0,0.0,1.0,5.0,4.0,5.0,6.0,5.0
325,8.0,6.0,6.0,5.0,9.0,8.0,0.0,7.0,1.0,5.0,5.0,6.0,7.0,5.0
326,7.0,6.0,4.0,4.0,5.0,10.0,2.0,7.0,6.0,0.0,5.0,6.0,5.0,7.0
327,8.0,6.0,3.0,0.0,1.0,5.0,0.0,6.0,3.0,5.0,6.0,6.0,6.0,5.0
328,4.0,6.0,0.0,0.0,6.0,9.0,0.0,6.0,7.0,5.0,6.0,8.0,3.0,4.0
329,6.0,7.0,7.0,5.0,0.0,0.0,2.0,2.0,6.0,5.0,6.0,6.0,5.0,2.0
330,5.0,6.0,1.0,5.0,6.0,0.0,9.0,0.0,6.0,5.0,6.0,5.0,4.0,7.0
331,7.0,0.0,8.0,3.0,1.0,0.0,3.0,6.0,6.0,4.0,7.0,5.0,5.0,3.0
332,8.0,6.0,4.0,0.0,3.0,3.0,0.0,4.0,6.0,6.0,7.0,4.0,5.0,5.0
333,6.0,5.0,4.0,4.0,3.0,4.0,0.0,1.0,2.0,6.0,7.0,5.0,2.0,5.0
334,6.0,5.0,2.0,4.0,0.0,0.0,0.0,8.0,3.0,5.0,6.0,7.0,6.0,6.0
335,3.0,6.0,7.0,3.0,0.0,5.0,7.0,0.0,3.0,3.0,6.0,3.0,6.0,3.0
336,7.0,6.0,6.0,3.0,7.0,1.0,0.0,2.0,4.0,8.0,6.0,6.0,6.0,4.0
337,9.0,7.0,4.0,5.0,9.0,0.0,0.0,1.0,0.0,7.0,6.0,4.0,7.0,7.0
338,1.0,6.0,3.0,3.0,10.0,1.0,0.0,0.0,2.0,0.0,6.0,3.0,5.0,5.0
339,6.0,7.0,1.0,4.0,1.0,0.0,3.0,2.0,3.0,7.0,9.0,8.0,6.0,4.0
340,7.0,6.0,3.0,5.0,7.0,7.0,3.0,1.0,1.0,6.0,7.0,4.0,6.0,7.0
341,6.0,7.0,1.0,5.0,5.0,3.0,0.0,5.0,4.0,0.0,4.0,8.0,7.0,5.0
342,8.0,6.0,5.0,0.0,5.0,0.0,2.0,7.0,7.0,4.0,6.0,7.0,6.0,4.0
343,8.0,6.0,2.0,4.0,5.0,7.0,1.0,1.0,2.0,6.0,4.0,1.0,2.0,6.0
344,7.0,6.0,6.0,7.0,7.0,0.0,0.0,8.0,5.0,7.0,6.0,6.0,7.0,1.0
345,7.0,2.0,8.0,6.0,9.0,0.0,0.0,5.0,6.0,1.0,6.0,5.0,7.0,5.0
346,3.0,6.0,6.0,0.0,7.0,7.0,0.0,3.0,7.0,6.0,4.0,7.0,6.0,3.0
347,7.0,3.0,5.0,0.0,5.0,0.0,0.0,4.0,5.0,4.0,2.0,0.0,6.0,5.0
348,4.0,6.0,7.0,5.0,5.0,1.0,0.0,5.0,2.0,7.0,6.0,4.0,5.0,3.0
349,5.0,7.0,4.0,4.0,0.0,6.0,3.0,6.0,3.0,5.0,5.0,4.0,7.0,4.0
350,6.0,9.0,3.0,3.0,0.0,0.0,2.0,1.0,1.0,7.0,6.0,4.0,0.0,4.0
351,9.0,8.0,0.0,5.0,0.0,0.0,9.0,0.0,6.0,2.0,6.0,5.0,7.0,4.0
352,7.0,9.0,3.0,5.0,8.0,2.0,3.0,7.0,5.0,2.0,4.0,4.0,2.0,4.0
353,1.0,6.0,4.0,3.0,3.0,0.0,1.0,0.0,3.0,0.0,7.0,5.0,5.0,0.0
354,6.0,7.0,0.0,1.0,0.0,5.0,3.0,5.0,1.0,6.0,7.0,6.0,1.0,7.0
355,9.0,7.0,3.0,1.0,6.0,5.0,2.0,7.0,1.0,6.0,5.0,6.0,6.0,3.0
356,9.0,6.0,6.0,1.0,6.0,10.0,7.0,5.0,6.0,6.0,7.0,6.0,4.0,6.0
357,8.0,6.0,3.0,3.0,7.0,4.0,10.0,1.0,3.0,6.0,4.0,5.0,6.0,5.0
358,8.0,8.0,6.0,2.0,6.0,7.0,9.0,5.0,6.0,5.0,2.0,5.0,4.0,4.0
359,7.0,7.0,0.0,0.0,7.0,1.0,9.0,4.0,0.0,7.0,0.0,6.0,6.0,2.0
360,6.0,5.0,5.0,3.0,7.0,0.0,0.0,7.0,0.0,6.0,6.0,7.0,4.0,4.0
361,6.0,4.0,0.0,0.0,10.0,8.0,0.0,7.0,0.0,5.0,5.0,6.0,1.0,6.0
362,6.0,6.0,4.0,3.0,4.0,1.0,1.0,0.0,2.0,2.0,6.0,6.0,7.0,4.0
363,7.0,5.0,4.0,3.0,0.0,6.0,0.0,0.0,6.0,4.0,7.0,5.0,5.0,8.0
364,5.0,6.0,5.0,0.0,7.0,1.0,0.0,1.0,5.0,5.0,5.0,4.0,6.0,5.0
365,5.0,8.0,4.0,0.0,6.0,0.0,0.0,0.0,2.0,4.0,6.0,4.0,0.0,4.0
366,1.0,5.0,6.0,2.0,4.0,7.0,0.0,0.0,7.0,8.0,6.0,6.0,5.0,7.0
367,6.0,8.0,3.0,5.0,4.0,5.0,3.0,3.0,7.0,6.0,5.0,5.0,7.0,5.0
368,8.0,6.0,3.0,0.0,9.0,0.0,8.0,0.0,2.0,7.0,6.0,6.0,3.0,5.0
369,5.0,6.0,7.0,3.0,3.0,3.0,10.0,7.0,2.0,0.0,6.0,4.0,7.0,0.0
370,6.0,3.0,3.0,4.0,7.0,5.0,4.0,8.0,0.0,6.0,4.0,6.0,5.0,4.0
371,7.0,9.0,3.0,5.0,4.0,1.0,3.0,8.0,0.0,0.0,5.0,6.0,6.0,4.0
372,7.0,6.0,2.0,4.0,4.0,0.0,3.0,2.0,6.0,4.0,7.0,4.0,5.0,7.0
373,6.0,1.0,5.0,3.0,0.0,7.0,1.0,3.0,5.0,5.0,5.0,3.0,5.0,6.0
374,5.0,6.0,4.0,4.0,0.0,5.0,7.0,7.0,4.0,6.0,6.0,5.0,6.0,6.0
375,6.0,9.0,4.0,5.0,4.0,8.0,9.0,8.0,7.0,6.0,5.0,3.0,6.0,6.0
376,8.0,9.0,5.0,3.0,5.0,0.0,0.0,4.0,6.0,6.0,6.0,3.0,3.0,4.0
377,8.0,6.0,0.0,5.0,7.0,2.0,0.0,0.0,2.0,7.0,6.0,6.0,5.0,8.0
378,8.0,9.0,4.0,1.0,4.0,0.0,1.0,8.0,6.0,5.0,6.0,6.0,5.0,4.0
379,6.0,6.0,4.0,5.0,2.0,0.0,0.0,4.0,6.0,8.0,6.0,4.0,7.0,8.0
380,7.0,7.0,0.0,2.0,0.0,0.0,2.0,8.0,0.0,7.0,7.0,5.0,7.0,5.0
381,6.0,3.0,4.0,2.0,3.0,0.0,0.0,0.0,7.0,5.0,4.0,1.0,5.0,3.0
382,6.0,4.0,4.0,4.0,7.0,9.0,0.0,4.0,1.0,6.0,5.0,8.0,5.0,3.0
383,7.0,6.0,6.0,0.0,2.0,0.0,7.0,1.0,4.0,1.0,6.0,6.0,6.0,4.0
384,7.0,9.0,7.0,4.0,7.0,6.0,3.0,0.0,1.0,8.0,6.0,3.0,6.0,5.0
385,7.0,6.0,5.0,2.0,0.0,4.0,0.0,1.0,1.0,0.0,6.0,8.0,5.0,5.0
386,3.0,4.0,8.0,2.0,5.0,0.0,0.0,1.0,5.0,6.0,4.0,4.0,4.0,4.0
387,6.0,4.0,4.0,5.0,5.0,3.0,0.0,6.0,2.0,6.0,6.0,3.0,7.0,4.0
388,6.0,8.0,4.0,4.0,5.0,8.0,9.0,3.0,0.0,7.0,6.0,5.0,7.0,5.0
389,2.0,6.0,3.0,5.0,9.0,2.0,0.0,0.0,8.0,6.0,5.0,6.0,6.0,7.0
390,6.0,6.0,0.0,2.0,7.0,9.0,0.0,8.0,5.0,5.0,7.0,5.0,4.0,3.0
391,6.0,8.0,6.0,4.0,7.0,7.0,8.0,0.0,0.0,4.0,5.0,6.0,5.0,3.0
392,9.0,9.0,0.0,6.0,9.0,0.0,0.0,8.0,4.0,0.0,5.0,4.0,5.0,5.0
393,8.0,7.0,3.0,6.0,2.0,3.0,1.0,8.0,2.0,5.0,7.0,6.0,6.0,4.0
394,4.0,6.0,3.0,0.0,2.0,8.0,0.0,1.0,2.0,7.0,5.0,5.0,5.0,2.0
395,7.0,6.0,1.0,1.0,9.0,2.0,1.0,1.0,4.0,8.0,1.0,5.0,4.0,5.0
396,3.0,6.0,4.0,5.0,6.0,2.0,0.0,8.0,1.0,1.0,3.0,4.0,3.0,7.0
397,7.0,9.0,4.0,6.0,2.0,0.0,2.0,0.0,7.0,6.0,6.0,6.0,7.0,6.0
398,7.0,6.0,5.0,5.0,4.0,4.0,2.0,8.0,4.0,5.0,6.0,6.0,6.0,0.0
399,7.0,0.0,0.0,7.0,6.0,0.0,8.0,3.0,2.0,4.0,5.0,6.0,6.0,6.0
400,0.0,6.0,4.0,4.0,3.0,0.0,3.0,5.0,0.0,5.0,5.0,7.0,7.0,5.0
401,7.0,6.0,4.0,2.0,7.0,0.0,3.0,0.0,0.0,5.0,5.0,4.0,8.0,7.0
402,6.0,4.0,6.0,6.0,7.0,3.0,2.0,4.0,4.0,6.0,7.0,6.0,8.0,4.0
403,5.0,6.0,4.0,3.0,6.0,0.0,0.0,8.0,7.0,4.0,7.0,5.0,6.0,7.0
404,7.0,5.0,2.0,5.0,5.0,0.0,0.0,6.0,6.0,5.0,7.0,6.0,0.0,5.0
405,7.0,7.0,5.0,0.0,0.0,0.0,4.0,0.0,0.0,6.0,4.0,5.0,6.0,7.0
406,8.0,6.0,3.0,0.0,0.0,0.0,0.0,8.0,6.0,7.0,5.0,5.0,4.0,5.0
407,2.0,6.0,6.0,0.0,6.0,9.0,1.0,4.0,0.0,0.0,3.0,5.0,6.0,6.0
408,7.0,1.0,3.0,4.0,6.0,2.0,1.0,7.0,5.0,7.0,6.0,5.0,5.0,3.0
409,3.0,5.0,5.0,0.0,3.0,0.0,3.0,0.0,4.0,4.0,3.0,6.0,6.0,3.0
410,7.0,6.0,4.0,0.0,6.0,9.0,0.0,5.0,5.0,4.0,5.0,4.0,7.0,7.0
411,9.0,9.0,4.0,5.0,4.0,2.0,2.0,8.0,2.0,6.0,5.0,6.0,6.0,8.0
412,3.0,6.0,0.0,7.0,10.0,0.0,0.0,0.0,1.0,6.0,5.0,5.0,5.0,2.0
413,6.0,6.0,3.0,4.0,5.0,1.0,0.0,6.0,0.0,3.0,6.0,8.0,5.0,3.0
414,7.0,4.0,6.0,4.0,6.0,0.0,3.0,0.0,4.0,6.0,5.0,3.0,5.0,6.0
415,3.0,3.0,6.0,5.0,3.0,0.0,0.0,0.0,0.0,4.0,4.0,1.0,4.0,7.0
416,7.0,5.0,8.0,4.0,6.0,0.0,0.0,7.0,7.0,4.0,6.0,5.0,8.0,3.0
417,7.0,6.0,0.0,5.0,6.0,2.0,1.0,1.0,6.0,6.0,5.0,3.0,8.0,2.0
418,7.0,6.0,3.0,0.0,7.0,2.0,8.0,8.0,0.0,6.0,6.0,5.0,5.0,2.0
419,5.0,8.0,5.0,1.0,5.0,0.0,1.0,1.0,0.0,7.0,6.0,7.0,8.0,4.0
420,6.0,6.0,7.0,4.0,4.0,0.0,3.0,0.0,4.0,5.0,6.0,4.0,2.0,5.0
421,6.0,6.0,4.0,4.0,0.0,2.0,0.0,0.0,0.0,4.0,5.0,5.0,3.0,6.0
422,7.0,6.0,1.0,1.0,4.0,0.0,0.0,1.0,1.0,2.0,5.0,2.0,5.0,4.0
423,7.0,7.0,2.0,2.0,0.0,2.0,1.0,7.0,7.0,6.0,7.0,6.0,5.0,5.0
424,6.0,6.0,0.0,4.0,0.0,4.0,1.0,2.0,5.0,4.0,6.0,3.0,5.0,5.0
425,8.0,6.0,7.0,0.0,5.0,4.0,0.0,7.0,6.0,7.0,6.0,5.0,6.0,4.0
426,6.0,6.0,3.0,4.0,7.0,0.0,0.0,0.0,1.0,3.0,4.0,5.0,6.0,0.0
427,4.0,9.0,5.0,2.0,0.0,7.0,1.0,1.0,1.0,2.0,6.0,6.0,3.0,5.0
428,9.0,6.0,1.0,0.0,5.0,4.0,0.0,3.0,0.0,4.0,6.0,5.0,5.0,2.0
429,6.0,5.0,5.0,5.0,0.0,0.0,2.0,1.0,5.0,5.0,3.0,5.0,6.0,4.0
430,3.0,9.0,7.0,2.0,5.0,10.0,0.0,5.0,0.0,4.0,5.0,5.0,5.0,5.0
431,7.0,6.0,3.0,2.0,4.0,7.0,2.0,6.0,0.0,1.0,6.0,5.0,2.0,4.0
432,7.0,6.0,7.0,2.0,2.0,0.0,0.0,6.0,6.0,4.0,5.0,5.0,6.0,4.0
433,4.0,6.0,4.0,3.0,4.0,0.0,0.0,1.0,0.0,3.0,6.0,6.0,6.0,4.0
434,6.0,6.0,2.0,5.0,6.0,0.0,2.0,6.0,0.0,6.0,6.0,6.0,7.0,3.0
435,6.0,1.0,3.0,5.0,7.0,0.0,5.0,1.0,5.0,3.0,6.0,4.0,5.0,5.0
436,5.0,6.0,0.0,2.0,2.0,0.0,2.0,6.0,2.0,6.0,5.0,7.0,7.0,6.0
437,6.0,6.0,7.0,1.0,4.0,1.0,2.0,4.0,4.0,7.0,4.0,7.0,4.0,5.0
438,6.0,7.0,6.0,2.0,1.0,5.0,0.0,0.0,5.0,8.0,3.0,4.0,7.0,4.0
439,6.0,6.0,3.0,4.0,7.0,2.0,0.0,0.0,1.0,3.0,4.0,5.0,2.0,3.0
440,7.0,3.0,7.0,0.0,10.0,0.0,10.0,7.0,0.0,6.0,7.0,6.0,5.0,5.0
441,8.0,9.0,6.0,5.0,5.0,0.0,0.0,0.0,0.0,7.0,6.0,6.0,5.0,4.0
442,6.0,7.0,5.0,1.0,4.0,4.0,0.0,7.0,6.0,1.0,6.0,6.0,6.0,5.0
443,6.0,7.0,4.0,5.0,0.0,0.0,2.0,7.0,5.0,6.0,7.0,6.0,4.0,0.0
444,0.0,6.0,4.0,1.0,4.0,0.0,0.0,2.0,3.0,4.0,3.0,6.0,6.0,6.0
445,8.0,8.0,0.0,4.0,2.0,7.0,9.0,1.0,2.0,3.0,6.0,6.0,4.0,2.0
446,4.0,6.0,4.0,5.0,0.0,5.0,1.0,5.0,5.0,2.0,6.0,6.0,6.0,6.0
447,9.0,3.0,7.0,2.0,5.0,8.0,0.0,6.0,4.0,7.0,3.0,6.0,4.0,2.0
448,7.0,0.0,4.0,5.0,5.0,4.0,1.0,1.0,3.0,5.0,7.0,5.0,6.0,4.0
449,7.0,6.0,7.0,1.0,0.0,2.0,0.0,6.0,6.0,0.0,6.0,6.0,0.0,8.0
450,6.0,6.0,4.0,0.0,5.0,0.0,1.0,6.0,6.0,2.0,5.0,5.0,5.0,3.0
451,6.0,6.0,1.0,5.0,1.0,0.0,4.0,6.0,0.0,4.0,4.0,7.0,0.0,0.0
452,3.0,6.0,1.0,2.0,0.0,8.0,0.0,0.0,6.0,6.0,6.0,5.0,5.0,5.0
453,4.0,6.0,1.0,5.0,5.0,0.0,0.0,4.0,2.0,5.0,6.0,8.0,7.0,5.0
454,6.0,7.0,1.0,5.0,8.0,2.0,4.0,0.0,2.0,6.0,5.0,6.0,7.0,6.0
455,7.0,0.0,6.0,5.0,6.0,0.0,0.0,0.0,0.0,7.0,6.0,5.0,4.0,4.0
456,7.0,7.0,3.0,5.0,7.0,7.0,0.0,0.0,7.0,2.0,7.0,4.0,6.0,7.0
457,6.0,9.0,4.0,4.0,7.0,5.0,9.0,8.0,6.0,6.0,5.0,4.0,6.0,8.0
458,8.0,6.0,0.0,4.0,2.0,0.0,1.0,0.0,6.0,5.0,6.0,5.0,2.0,5.0
459,3.0,5.0,2.0,2.0,8.0,0.0,0.0,5.0,5.0,0.0,6.0,4.0,2.0,3.0
460,7.0,6.0,5.0,3.0,1.0,2.0,1.0,5.0,5.0,7.0,5.0,6.0,5.0,2.0
461,7.0,6.0,0.0,7.0,6.0,10.0,3.0,8.0,7.0,6.0,4.0,6.0,6.0,5.0
462,7.0,3.0,3.0,5.0,1.0,0.0,0.0,8.0,6.0,3.0,6.0,6.0,7.0,4.0
463,5.0,0.0,0.0,0.0,6.0,0.0,5.0,7.0,4.0,8.0,4.0,5.0,5.0,5.0
464,7.0,5.0,0.0,4.0,4.0,0.0,2.0,1.0,7.0,7.0,6.0,6.0,5.0,3.0
465,9.0,6.0,0.0,5.0,5.0,2.0,4.0,3.0,5.0,6.0,6.0,6.0,2.0,6.0
466,7.0,9.0,0.0,3.0,9.0,6.0,10.0,0.0,1.0,6.0,6.0,7.0,5.0,2.0
467,7.0,6.0,8.0,0.0,6.0,0.0,9.0,0.0,0.0,6.0,6.0,6.0,3.0,3.0
468,6.0,5.0,6.0,3.0,5.0,0.0,0.0,0.0,3.0,6.0,4.0,6.0,7.0,5.0
469,2.0,6.0,7.0,0.0,7.0,2.0,1.0,6.0,1.0,7.0,4.0,5.0,6.0,7.0
470,9.0,4.0,3.0,5.0,4.0,0.0,0.0,6.0,3.0,4.0,8.0,6.0,6.0,4.0
471,5.0,6.0,4.0,5.0,6.0,0.0,0.0,8.0,7.0,7.0,5.0,6.0,6.0,0.0
472,5.0,6.0,0.0,3.0,4.0,1.0,0.0,8.0,0.0,0.0,5.0,6.0,6.0,1.0
473,6.0,7.0,5.0,4.0,7.0,0.0,1.0,3.0,6.0,4.0,5.0,4.0,2.0,7.0
474,2.0,9.0,8.0,5.0,5.0,3.0,0.0,3.0,6.0,6.0,5.0,7.0,8.0,3.0
475,7.0,8.0,2.0,5.0,9.0,0.0,5.0,0.0,3.0,5.0,7.0,4.0,1.0,1.0
476,5.0,7.0,6.0,2.0,5.0,1.0,4.0,0.0,3.0,3.0,5.0,6.0,7.0,3.0
477,7.0,7.0,0.0,5.0,8.0,8.0,3.0,0.0,0.0,5.0,7.0,5.0,7.0,5.0
478,9.0,6.0,7.0,0.0,1.0,7.0,4.0,0.0,1.0,4.0,6.0,5.0,5.0,5.0
479,3.0,7.0,3.0,5.0,4.0,0.0,0.0,5.0,0.0,6.0,7.0,5.0,6.0,4.0
480,6.0,6.0,2.0,4.0,6.0,2.0,0.0,1.0,7.0,6.0,2.0,5.0,7.0,3.0
481,7.0,7.0,3.0,5.0,8.0,4.0,1.0,2.0,0.0,5.0,8.0,7.0,6.0,7.0
482,2.0,7.0,6.0,1.0,4.0,3.0,3.0,7.0,7.0,5.0,6.0,6.0,6.0,8.0
483,8.0,7.0,5.0,0.0,1.0,0.0,2.0,3.0,6.0,5.0,5.0,4.0,7.0,7.0
484,0.0,8.0,7.0,0.0,6.0,6.0,5.0,4.0,6.0,2.0,7.0,6.0,0.0,6.0
485,4.0,8.0,5.0,4.0,5.0,0.0,0.0,0.0,3.0,6.0,5.0,5.0,7.0,2.0
486,7.0,6.0,4.0,0.0,7.0,0.0,1.0,7.0,0.0,6.0,5.0,7.0,7.0,1.0
487,6.0,8.0,7.0,5.0,8.0,0.0,2.0,6.0,0.0,4.0,5.0,6.0,7.0,3.0
488,1.0,6.0,3.0,0.0,6.0,10.0,7.0,1.0,0.0,4.0,6.0,5.0,7.0,7.0
489,6.0,4.0,3.0,6.0,8.0,2.0,5.0,2.0,3.0,6.0,4.0,4.0,6.0,4.0
490,6.0,6.0,0.0,0.0,8.0,0.0,1.0,1.0,0.0,7.0,7.0,5.0,5.0,7.0
491,9.0,0.0,4.0,4.0,8.0,0.0,3.0,8.0,0.0,4.0,5.0,6.0,7.0,5.0
492,5.0,5.0,7.0,0.0,2.0,0.0,6.0,3.0,3.0,5.0,6.0,8.0,8.0,6.0
493,8.0,9.0,4.0,5.0,0.0,10.0,0.0,0.0,4.0,6.0,4.0,5.0,8.0,5.0
494,7.0,9.0,8.0,1.0,7.0,0.0,1.0,7.0,7.0,5.0,4.0,4.0,6.0,3.0
495,1.0,7.0,3.0,3.0,5.0,2.0,0.0,0.0,5.0,6.0,4.0,6.0,5.0,4.0
496,7.0,6.0,0.0,5.0,1.0,5.0,8.0,2.0,5.0,5.0,5.0,5.0,6.0,5.0
497,5.0,5.0,0.0,5.0,4.0,2.0,0.0,1.0,5.0,3.0,6.0,5.0,4.0,3.0
498,5.0,7.0,4.0,3.0,4.0,2.0,8.0,4.0,0.0,4.0,6.0,8.0,4.0,6.0
499,3.0,4.0,4.0,1.0,6.0,0.0,5.0,0.0,5.0,6.0,6.0,7.0,0.0,5.0
500,7.0,0.0,7.0,0.0,7.0,0.0,0.0,8.0,2.0,7.0,5.0,5.0,4.0,7.0
501,3.0,7.0,5.0,7.0,1.0,0.0,2.0,0.0,6.0,4.0,5.0,8.0,0.0,4.0
502,0.0,5.0,4.0,2.0,5.0,10.0,0.0,1.0,5.0,7.0,6.0,7.0,2.0,3.0
503,6.0,6.0,7.0,5.0,1.0,5.0,3.0,6.0,6.0,3.0,7.0,5.0,6.0,0.0
504,2.0,4.0,4.0,5.0,7.0,6.0,0.0,5.0,1.0,6.0,3.0,0.0,7.0,7.0
505,7.0,5.0,3.0,6.0,1.0,5.0,2.0,0.0,3.0,5.0,4.0,6.0,3.0,7.0
506,6.0,5.0,0.0,6.0,0.0,10.0,3.0,8.0,1.0,6.0,6.0,6.0,6.0,4.0
507,0.0,6.0,1.0,5.0,10.0,4.0,2.0,0.0,1.0,0.0,6.0,5.0,3.0,4.0
508,4.0,5.0,7.0,2.0,9.0,0.0,0.0,6.0,6.0,4.0,5.0,4.0,7.0,4.0
509,9.0,6.0,4.0,3.0,8.0,1.0,2.0,0.0,5.0,0.0,4.0,5.0,4.0,4.0
510,6.0,4.0,4.0,4.0,7.0,2.0,0.0,0.0,7.0,6.0,6.0,6.0,6.0,1.0
511,7.0,4.0,3.0,3.0,3.0,0.0,5.0,1.0,3.0,3.0,6.0,6.0,4.0,5.0
512,5.0,6.0,4.0,5.0,2.0,0.0,4.0,0.0,4.0,1.0,4.0,5.0,2.0,5.0
513,4.0,6.0,3.0,2.0,7.0,0.0,8.0,0.0,0.0,7.0,5.0,3.0,4.0,5.0
514,10.0,6.0,8.0,5.0,8.0,11.0,7.0,0.0,0.0,6.0,6.0,6.0,7.0,4.0
515,6.0,8.0,8.0,3.0,3.0,1.0,1.0,9.0,2.0,5.0,4.0,7.0,5.0,5.0
516,6.0,4.0,5.0,5.0,1.0,0.0,0.0,8.0,0.0,7.0,7.0,7.0,4.0,5.0
517,7.0,6.0,6.0,5.0,5.0,3.0,0.0,5.0,1.0,4.0,6.0,6.0,7.0,5.0
518,4.0,3.0,2.0,5.0,4.0,0.0,0.0,5.0,6.0,6.0,6.0,6.0,7.0,5.0
519,6.0,5.0,7.0,4.0,7.0,2.0,4.0,2.0,5.0,4.0,6.0,4.0,2.0,4.0
520,3.0,3.0,3.0,1.0,7.0,0.0,0.0,1.0,5.0,5.0,5.0,6.0,7.0,5.0
521,6.0,9.0,2.0,0.0,7.0,4.0,3.0,8.0,0.0,5.0,7.0,6.0,5.0,5.0
522,6.0,6.0,2.0,1.0,2.0,0.0,4.0,1.0,0.0,3.0,6.0,5.0,5.0,6.0
523,8.0,8.0,8.0,2.0,0.0,7.0,7.0,8.0,6.0,6.0,6.0,5.0,6.0,7.0
524,7.0,6.0,6.0,5.0,0.0,0.0,1.0,5.0,6.0,6.0,1.0,5.0,8.0,3.0
525,6.0,8.0,0.0,4.0,7.0,2.0,0.0,6.0,3.0,6.0,6.0,6.0,6.0,3.0
526,1.0,5.0,1.0,5.0,2.0,0.0,0.0,0.0,6.0,3.0,5.0,5.0,7.0,3.0
527,7.0,0.0,5.0,4.0,9.0,6.0,3.0,1.0,1.0,8.0,5.0,7.0,6.0,5.0
528,9.0,3.0,3.0,0.0,7.0,0.0,1.0,1.0,1.0,4.0,5.0,5.0,6.0,3.0
529,6.0,9.0,4.0,4.0,6.0,0.0,0.0,2.0,5.0,6.0,6.0,5.0,7.0,3.0
530,7.0,6.0,6.0,0.0,9.0,2.0,0.0,8.0,2.0,5.0,5.0,6.0,6.0,4.0
531,6.0,5.0,4.0,5.0,5.0,0.0,3.0,5.0,0.0,5.0,7.0,6.0,5.0,3.0
532,3.0,6.0,4.0,0.0,7.0,0.0,0.0,0.0,6.0,8.0,6.0,3.0,5.0,6.0
533,7.0,6.0,6.0,1.0,8.0,3.0,0.0,1.0,0.0,4.0,6.0,5.0,8.0,6.0
534,6.0,6.0,3.0,0.0,5.0,7.0,5.0,6.0,0.0,6.0,5.0,4.0,5.0,6.0
535,3.0,5.0,7.0,2.0,4.0,0.0,0.0,0.0,5.0,6.0,2.0,3.0,5.0,3.0
536,5.0,5.0,7.0,1.0,0.0,10.0,10.0,6.0,6.0,0.0,7.0,6.0,6.0,4.0
537,7.0,6.0,5.0,1.0,0.0,9.0,1.0,6.0,0.0,7.0,5.0,7.0,6.0,3.0
538,8.0,5.0,6.0,2.0,2.0,0.0,6.0,0.0,1.0,4.0,3.0,5.0,7.0,4.0
539,6.0,7.0,0.0,0.0,9.0,4.0,5.0,4.0,6.0,5.0,0.0,5.0,6.0,4.0
540,1.0,1.0,1.0,5.0,0.0,0.0,10.0,8.0,7.0,6.0,6.0,4.0,6.0,5.0
541,6.0,6.0,4.0,4.0,0.0,0.0,1.0,6.0,6.0,2.0,5.0,7.0,7.0,5.0
542,6.0,6.0,6.0,5.0,1.0,8.0,9.0,0.0,0.0,4.0,4.0,5.0,5.0,5.0
543,7.0,8.0,7.0,3.0,4.0,6.0,0.0,0.0,0.0,5.0,5.0,4.0,5.0,6.0
544,3.0,2.0,6.0,4.0,7.0,2.0,4.0,3.0,6.0,6.0,5.0,7.0,6.0,4.0
545,6.0,6.0,4.0,5.0,6.0,1.0,0.0,0.0,7.0,6.0,4.0,6.0,6.0,6.0
546,6.0,6.0,2.0,2.0,5.0,7.0,0.0,1.0,6.0,5.0,6.0,5.0,6.0,5.0
547,4.0,8.0,7.0,0.0,0.0,0.0,3.0,1.0,5.0,4.0,7.0,3.0,4.0,4.0
548,7.0,6.0,7.0,5.0,0.0,0.0,2.0,7.0,3.0,6.0,5.0,3.0,4.0,8.0
549,4.0,6.0,4.0,2.0,3.0,7.0,1.0,5.0,4.0,3.0,6.0,6.0,2.0,6.0
550,6.0,9.0,2.0,2.0,3.0,0.0,8.0,7.0,6.0,6.0,5.0,6.0,6.0,7.0
551,7.0,6.0,6.0,0.0,8.0,0.0,3.0,0.0,3.0,6.0,6.0,5.0,6.0,6.0
552,7.0,5.0,1.0,5.0,4.0,5.0,0.0,7.0,4.0,3.0,6.0,7.0,6.0,7.0
553,5.0,3.0,2.0,5.0,5.0,0.0,1.0,7.0,5.0,6.0,6.0,6.0,6.0,6.0
554,9.0,2.0,6.0,4.0,0.0,1.0,0.0,1.0,6.0,6.0,6.0,6.0,3.0,6.0
555,7.0,7.0,9.0,4.0,10.0,0.0,6.0,2.0,0.0,6.0,7.0,4.0,6.0,5.0
556,5.0,3.0,1.0,3.0,2.0,7.0,5.0,7.0,4.0,4.0,4.0,7.0,5.0,5.0
557,9.0,6.0,7.0,0.0,5.0,10.0,6.0,0.0,3.0,6.0,6.0,7.0,6.0,6.0
558,6.0,9.0,0.0,4.0,7.0,0.0,3.0,3.0,0.0,9.0,6.0,7.0,4.0,6.0
559,6.0,3.0,4.0,3.0,5.0,0.0,0.0,0.0,2.0,7.0,5.0,3.0,6.0,3.0
560,7.0,6.0,5.0,1.0,7.0,0.0,0.0,5.0,4.0,7.0,6.0,6.0,5.0,5.0
561,6.0,6.0,7.0,5.0,7.0,0.0,5.0,0.0,1.0,0.0,6.0,4.0,5.0,2.0
562,7.0,5.0,3.0,6.0,5.0,0.0,4.0,2.0,0.0,6.0,7.0,7.0,6.0,0.0
563,5.0,6.0,6.0,5.0,7.0,1.0,4.0,0.0,0.0,6.0,6.0,6.0,4.0,6.0
564,8.0,8.0,6.0,5.0,10.0,0.0,6.0,6.0,5.0,4.0,5.0,7.0,5.0,4.0
565,6.0,9.0,0.0,5.0,9.0,0.0,8.0,6.0,0.0,5.0,5.0,6.0,6.0,3.0
566,4.0,3.0,3.0,4.0,1.0,1.0,1.0,0.0,0.0,3.0,5.0,7.0,3.0,0.0
567,6.0,4.0,7.0,3.0,7.0,5.0,2.0,7.0,6.0,5.0,5.0,5.0,5.0,6.0
568,5.0,9.0,6.0,5.0,7.0,2.0,1.0,5.0,4.0,6.0,3.0,5.0,6.0,3.0
569,9.0,7.0,2.0,6.0,2.0,0.0,9.0,6.0,1.0,5.0,5.0,5.0,3.0,2.0
570,6.0,6.0,0.0,4.0,9.0,5.0,0.0,6.0,0.0,8.0,6.0,6.0,7.0,5.0
571,7.0,6.0,4.0,8.0,0.0,5.0,0.0,7.0,7.0,4.0,6.0,6.0,8.0,7.0
572,8.0,8.0,4.0,4.0,4.0,9.0,1.0,0.0,2.0,5.0,6.0,6.0,5.0,2.0
573,8.0,7.0,3.0,0.0,3.0,0.0,2.0,0.0,6.0,6.0,6.0,6.0,7.0,3.0
574,7.0,4.0,4.0,5.0,11.0,0.0,0.0,6.0,1.0,6.0,6.0,4.0,5.0,1.0
575,7.0,6.0,0.0,5.0,0.0,1.0,10.0,0.0,5.0,5.0,6.0,5.0,5.0,2.0
576,6.0,4.0,5.0,0.0,3.0,2.0,1.0,7.0,6.0,3.0,7.0,5.0,6.0,3.0
577,6.0,6.0,7.0,5.0,2.0,2.0,0.0,0.0,2.0,7.0,6.0,7.0,7.0,5.0
578,7.0,9.0,2.0,0.0,1.0,0.0,0.0,0.0,3.0,5.0,5.0,5.0,6.0,4.0
579,6.0,6.0,7.0,6.0,6.0,0.0,9.0,6.0,8.0,7.0,6.0,5.0,6.0,8.0
580,6.0,6.0,0.0,5.0,5.0,0.0,6.0,5.0,5.0,4.0,6.0,6.0,5.0,2.0
581,7.0,6.0,3.0,4.0,1.0,9.0,0.0,1.0,6.0,6.0,9.0,5.0,5.0,3.0
582,7.0,9.0,7.0,4.0,9.0,0.0,4.0,1.0,2.0,5.0,3.0,6.0,6.0,3.0
583,4.0,0.0,5.0,3.0,4.0,5.0,5.0,7.0,5.0,7.0,6.0,5.0,1.0,6.0
584,0.0,4.0,0.0,7.0,10.0,1.0,1.0,8.0,5.0,3.0,5.0,0.0,3.0,4.0
585,7.0,5.0,3.0,0.0,5.0,1.0,4.0,7.0,5.0,5.0,6.0,7.0,8.0,3.0
586,7.0,8.0,4.0,1.0,4.0,2.0,0.0,3.0,3.0,5.0,3.0,5.0,7.0,5.0
587,7.0,6.0,0.0,4.0,0.0,10.0,0.0,0.0,0.0,7.0,7.0,7.0,4.0,4.0
588,2.0,2.0,5.0,6.0,0.0,5.0,4.0,1.0,6.0,5.0,3.0,4.0,7.0,6.0
589,3.0,3.0,3.0,7.0,5.0,0.0,0.0,2.0,4.0,5.0,5.0,6.0,5.0,6.0
590,6.0,8.0,7.0,5.0,0.0,1.0,0.0,0.0,2.0,0.0,6.0,4.0,6.0,6.0
591,9.0,7.0,3.0,1.0,5.0,10.0,0.0,6.0,0.0,6.0,5.0,6.0,8.0,4.0
592,6.0,6.0,3.0,0.0,5.0,5.0,5.0,0.0,5.0,4.0,5.0,1.0,7.0,3.0
593,5.0,6.0,4.0,1.0,5.0,8.0,3.0,7.0,6.0,4.0,2.0,6.0,5.0,3.0
594,6.0,8.0,3.0,4.0,4.0,7.0,0.0,0.0,6.0,4.0,5.0,6.0,5.0,4.0
595,6.0,8.0,0.0,8.0,0.0,4.0,0.0,2.0,1.0,3.0,6.0,4.0,5.0,5.0
596,7.0,6.0,1.0,0.0,7.0,3.0,1.0,0.0,5.0,5.0,6.0,6.0,5.0,5.0
597,6.0,5.0,4.0,4.0,0.0,0.0,0.0,8.0,1.0,6.0,5.0,2.0,7.0,5.0
598,7.0,2.0,5.0,0.0,3.0,3.0,2.0,2.0,6.0,4.0,6.0,2.0,5.0,5.0
599,7.0,9.0,4.0,5.0,4.0,1.0,9.0,0.0,6.0,8.0,4.0,6.0,6.0,6.0
600,6.0,6.0,0.0,0.0,7.0,0.0,0.0,6.0,0.0,6.0,6.0,3.0,6.0,3.0
601,7.0,6.0,0.0,3.0,6.0,0.0,3.0,1.0,5.0,3.0,5.0,4.0,6.0,5.0
602,3.0,5.0,6.0,4.0,4.0,7.0,1.0,0.0,0.0,5.0,4.0,6.0,7.0,7.0
603,0.0,9.0,3.0,3.0,7.0,0.0,10.0,1.0,3.0,5.0,3.0,5.0,4.0,5.0
604,0.0,5.0,2.0,4.0,4.0,0.0,0.0,0.0,4.0,0.0,6.0,6.0,7.0,2.0
605,8.0,6.0,0.0,1.0,3.0,0.0,10.0,6.0,8.0,4.0,5.0,6.0,7.0,4.0
606,1.0,6.0,7.0,4.0,8.0,1.0,0.0,0.0,7.0,4.0,6.0,2.0,5.0,5.0
607,3.0,6.0,3.0,3.0,0.0,7.0,9.0,0.0,0.0,5.0,6.0,5.0,7.0,7.0
608,6.0,6.0,4.0,3.0,1.0,10.0,4.0,0.0,7.0,6.0,6.0,8.0,5.0,3.0
609,0.0,9.0,6.0,2.0,7.0,4.0,0.0,0.0,1.0,5.0,5.0,6.0,4.0,5.0
610,6.0,6.0,5.0,0.0,4.0,4.0,2.0,0.0,2.0,0.0,5.0,5.0,2.0,5.0
611,6.0,6.0,8.0,4.0,6.0,2.0,3.0,7.0,0.0,6.0,4.0,5.0,6.0,4.0
612,7.0,7.0,7.0,3.0,0.0,0.0,0.0,0.0,1.0,5.0,5.0,3.0,5.0,4.0
613,7.0,7.0,5.0,0.0,5.0,0.0,0.0,8.0,4.0,3.0,6.0,5.0,7.0,4.0
614,5.0,6.0,4.0,5.0,3.0,4.0,1.0,6.0,0.0,5.0,6.0,6.0,7.0,4.0
615,7.0,0.0,6.0,6.0,7.0,2.0,10.0,9.0,1.0,7.0,5.0,6.0,4.0,4.0
616,7.0,6.0,4.0,3.0,3.0,9.0,7.0,0.0,4.0,5.0,2.0,6.0,3.0,5.0
617,6.0,6.0,7.0,5.0,0.0,0.0,0.0,7.0,5.0,3.0,5.0,6.0,5.0,2.0
618,6.0,6.0,6.0,4.0,8.0,0.0,2.0,8.0,1.0,5.0,4.0,6.0,6.0,4.0
619,7.0,5.0,0.0,0.0,10.0,0.0,0.0,1.0,8.0,7.0,7.0,6.0,5.0,4.0
620,4.0,9.0,4.0,4.0,1.0,1.0,3.0,7.0,6.0,6.0,6.0,6.0,4.0,8.0
621,8.0,5.0,6.0,5.0,0.0,2.0,0.0,1.0,0.0,6.0,4.0,5.0,4.0,6.0
622,2.0,9.0,2.0,3.0,4.0,0.0,1.0,0.0,8.0,3.0,5.0,6.0,4.0,7.0
623,7.0,8.0,2.0,1.0,6.0,6.0,2.0,1.0,0.0,1.0,2.0,5.0,4.0,2.0
624,4.0,4.0,6.0,4.0,5.0,0.0,0.0,1.0,1.0,5.0,2.0,5.0,7.0,5.0
625,0.0,5.0,2.0,2.0,0.0,9.0,0.0,3.0,0.0,6.0,6.0,3.0,7.0,6.0
626,8.0,6.0,6.0,6.0,6.0,0.0,8.0,8.0,5.0,5.0,4.0,6.0,5.0,3.0
627,8.0,6.0,5.0,4.0,10.0,10.0,4.0,8.0,8.0,6.0,6.0,3.0,8.0,4.0
628,7.0,6.0,4.0,3.0,4.0,0.0,0.0,0.0,0.0,1.0,6.0,7.0,7.0,4.0
629,6.0,6.0,2.0,8.0,8.0,1.0,3.0,0.0,1.0,6.0,6.0,4.0,5.0,4.0
630,6.0,6.0,2.0,5.0,1.0,3.0,10.0,6.0,0.0,2.0,5.0,6.0,7.0,5.0
631,7.0,6.0,5.0,1.0,2.0,0.0,2.0,0.0,7.0,7.0,7.0,3.0,3.0,4.0
632,4.0,6.0,4.0,5.0,0.0,3.0,2.0,0.0,5.0,8.0,5.0,4.0,7.0,4.0
633,7.0,6.0,6.0,5.0,1.0,7.0,0.0,6.0,1.0,2.0,6.0,6.0,8.0,7.0
634,7.0,7.0,5.0,3.0,6.0,0.0,0.0,7.0,1.0,6.0,8.0,6.0,6.0,4.0
635,6.0,8.0,4.0,0.0,1.0,0.0,1.0,0.0,6.0,4.0,0.0,5.0,4.0,2.0
636,8.0,2.0,4.0,0.0,4.0,5.0,3.0,0.0,4.0,3.0,7.0,6.0,6.0,8.0
637,7.0,6.0,7.0,4.0,5.0,1.0,7.0,2.0,5.0,7.0,6.0,5.0,6.0,0.0
638,7.0,5.0,1.0,5.0,7.0,3.0,0.0,3.0,5.0,1.0,5.0,6.0,7.0,6.0
639,8.0,6.0,3.0,3.0,2.0,0.0,0.0,2.0,0.0,5.0,7.0,6.0,3.0,4.0
640,5.0,9.0,1.0,3.0,6.0,5.0,0.0,1.0,4.0,6.0,5.0,3.0,4.0,5.0
641,8.0,6.0,8.0,1.0,8.0,0.0,2.0,1.0,6.0,7.0,5.0,5.0,0.0,3.0
642,6.0,6.0,3.0,0.0,0.0,0.0,2.0,3.0,2.0,7.0,6.0,6.0,4.0,1.0
643,8.0,2.0,5.0,5.0,2.0,7.0,4.0,0.0,5.0,7.0,4.0,5.0,2.0,7.0
644,5.0,9.0,4.0,3.0,6.0,0.0,3.0,5.0,2.0,5.0,5.0,6.0,8.0,6.0
645,3.0,9.0,7.0,4.0,0.0,10.0,0.0,1.0,0.0,5.0,5.0,6.0,2.0,5.0
646,8.0,5.0,7.0,6.0,6.0,10.0,0.0,6.0,0.0,5.0,4.0,5.0,5.0,6.0
647,8.0,5.0,7.0,0.0,4.0,1.0,2.0,0.0,5.0,8.0,5.0,6.0,4.0,6.0
648,4.0,6.0,7.0,5.0,2.0,9.0,2.0,3.0,6.0,5.0,6.0,6.0,8.0,2.0
649,3.0,6.0,3.0,4.0,0.0,6.0,2.0,1.0,5.0,0.0,6.0,6.0,7.0,5.0
650,6.0,8.0,4.0,5.0,4.0,1.0,3.0,7.0,6.0,4.0,3.0,6.0,7.0,6.0
651,7.0,6.0,5.0,1.0,4.0,0.0,0.0,0.0,5.0,7.0,6.0,6.0,6.0,3.0
652,6.0,6.0,1.0,6.0,0.0,10.0,2.0,6.0,6.0,4.0,5.0,6.0,5.0,4.0
653,7.0,6.0,0.0,5.0,8.0,7.0,7.0,6.0,3.0,5.0,5.0,6.0,5.0,5.0
654,9.0,9.0,3.0,5.0,6.0,4.0,1.0,6.0,5.0,6.0,6.0,4.0,6.0,1.0
655,7.0,6.0,0.0,2.0,5.0,0.0,9.0,1.0,2.0,4.0,5.0,4.0,2.0,5.0
656,4.0,5.0,0.0,6.0,0.0,0.0,0.0,7.0,7.0,6.0,7.0,4.0,0.0,6.0
657,6.0,6.0,0.0,1.0,5.0,5.0,4.0,4.0,3.0,5.0,5.0,7.0,8.0,9.0
658,4.0,6.0,7.0,5.0,4.0,0.0,9.0,2.0,7.0,7.0,6.0,3.0,4.0,3.0
659,8.0,6.0,7.0,2.0,1.0,0.0,2.0,7.0,1.0,7.0,5.0,5.0,6.0,7.0
660,4.0,8.0,6.0,0.0,7.0,2.0,1.0,3.0,0.0,6.0,8.0,6.0,5.0,5.0
661,7.0,9.0,7.0,2.0,1.0,8.0,0.0,6.0,5.0,6.0,5.0,6.0,4.0,6.0
662,6.0,6.0,0.0,1.0,0.0,3.0,0.0,2.0,6.0,6.0,6.0,6.0,7.0,5.0
663,1.0,6.0,3.0,4.0,7.0,0.0,0.0,0.0,1.0,4.0,7.0,5.0,6.0,4.0
664,4.0,4.0,0.0,2.0,0.0,3.0,1.0,6.0,4.0,3.0,3.0,6.0,6.0,2.0
665,7.0,6.0,7.0,3.0,7.0,6.0,5.0,0.0,0.0,6.0,5.0,6.0,6.0,2.0
666,4.0,6.0,1.0,3.0,1.0,9.0,0.0,0.0,5.0,4.0,4.0,6.0,6.0,7.0
667,4.0,6.0,4.0,2.0,4.0,0.0,4.0,1.0,8.0,7.0,6.0,5.0,7.0,7.0
668,9.0,4.0,7.0,3.0,7.0,5.0,1.0,1.0,2.0,7.0,6.0,6.0,5.0,3.0
669,5.0,6.0,6.0,5.0,0.0,9.0,2.0,8.0,5.0,1.0,7.0,6.0,8.0,5.0
670,6.0,6.0,4.0,3.0,2.0,6.0,0.0,6.0,5.0,6.0,0.0,6.0,6.0,3.0
671,6.0,6.0,4.0,3.0,4.0,9.0,0.0,8.0,6.0,0.0,6.0,7.0,5.0,3.0
672,7.0,3.0,3.0,0.0,5.0,9.0,1.0,6.0,6.0,2.0,6.0,2.0,6.0,2.0
673,6.0,6.0,4.0,4.0,4.0,5.0,2.0,5.0,6.0,3.0,4.0,6.0,8.0,6.0
674,7.0,3.0,1.0,2.0,3.0,1.0,3.0,0.0,0.0,4.0,5.0,6.0,5.0,2.0
675,0.0,4.0,7.0,3.0,5.0,0.0,4.0,8.0,0.0,4.0,3.0,4.0,7.0,5.0
676,4.0,6.0,5.0,4.0,0.0,0.0,2.0,8.0,4.0,6.0,2.0,6.0,4.0,4.0
677,8.0,6.0,3.0,5.0,5.0,0.0,1.0,0.0,0.0,7.0,3.0,6.0,6.0,2.0
678,7.0,6.0,2.0,4.0,0.0,1.0,0.0,7.0,4.0,7.0,6.0,6.0,0.0,7.0
679,7.0,6.0,6.0,0.0,4.0,0.0,1.0,1.0,3.0,4.0,7.0,7.0,6.0,5.0
680,8.0,4.0,5.0,7.0,5.0,0.0,0.0,8.0,6.0,7.0,3.0,7.0,5.0,7.0
681,6.0,6.0,3.0,1.0,1.0,0.0,0.0,6.0,3.0,6.0,7.0,6.0,5.0,4.0
682,6.0,2.0,0.0,4.0,1.0,6.0,1.0,7.0,2.0,6.0,4.0,6.0,4.0,7.0
683,6.0,5.0,3.0,3.0,6.0,5.0,0.0,7.0,0.0,0.0,5.0,7.0,5.0,5.0
684,6.0,6.0,7.0,4.0,0.0,8.0,6.0,0.0,3.0,3.0,6.0,6.0,6.0,4.0
685,4.0,0.0,7.0,1.0,7.0,0.0,0.0,3.0,0.0,6.0,5.0,7.0,4.0,5.0
686,3.0,6.0,5.0,2.0,3.0,8.0,1.0,6.0,8.0,5.0,6.0,7.0,5.0,4.0
687,8.0,6.0,4.0,3.0,1.0,0.0,2.0,0.0,0.0,2.0,7.0,7.0,6.0,5.0
688,5.0,6.0,8.0,5.0,2.0,3.0,4.0,1.0,7.0,5.0,5.0,8.0,6.0,4.0
689,7.0,8.0,0.0,5.0,0.0,0.0,0.0,5.0,0.0,0.0,5.0,7.0,7.0,5.0
690,8.0,6.0,6.0,4.0,9.0,1.0,1.0,4.0,1.0,5.0,6.0,5.0,1.0,5.0
691,5.0,6.0,4.0,5.0,4.0,4.0,8.0,8.0,7.0,6.0,6.0,5.0,6.0,5.0
692,6.0,7.0,3.0,5.0,7.0,9.0,0.0,5.0,0.0,0.0,5.0,4.0,6.0,5.0
693,4.0,6.0,6.0,2.0,0.0,0.0,2.0,2.0,0.0,6.0,6.0,3.0,7.0,5.0
694,6.0,8.0,4.0,0.0,5.0,0.0,2.0,0.0,0.0,3.0,6.0,7.0,0.0,3.0
695,10.0,6.0,7.0,1.0,4.0,0.0,8.0,1.0,6.0,6.0,6.0,4.0,8.0,4.0
696,2.0,6.0,6.0,8.0,6.0,6.0,1.0,1.0,6.0,0.0,5.0,4.0,5.0,1.0
697,7.0,6.0,6.0,3.0,5.0,0.0,0.0,8.0,5.0,6.0,6.0,8.0,1.0,4.0
698,7.0,6.0,7.0,5.0,2.0,2.0,3.0,5.0,1.0,6.0,7.0,4.0,3.0,5.0
699,6.0,6.0,4.0,5.0,5.0,4.0,0.0,5.0,5.0,7.0,5.0,5.0,8.0,4.0
700,4.0,6.0,3.0,4.0,0.0,3.0,2.0,4.0,5.0,6.0,3.0,6.0,6.0,5.0
701,4.0,2.0,4.0,5.0,2.0,1.0,2.0,7.0,5.0,7.0,6.0,3.0,5.0,4.0
702,5.0,6.0,0.0,3.0,2.0,1.0,3.0,0.0,6.0,7.0,2.0,7.0,4.0,3.0
703,5.0,7.0,4.0,1.0,6.0,2.0,10.0,0.0,8.0,6.0,5.0,6.0,5.0,5.0
704,7.0,7.0,5.0,4.0,6.0,5.0,3.0,5.0,1.0,6.0,7.0,6.0,5.0,5.0
705,7.0,5.0,2.0,5.0,1.0,0.0,0.0,5.0,7.0,4.0,4.0,3.0,6.0,5.0
706,8.0,6.0,6.0,4.0,0.0,1.0,1.0,1.0,2.0,6.0,7.0,6.0,3.0,5.0
707,5.0,6.0,8.0,0.0,3.0,2.0,0.0,6.0,4.0,7.0,7.0,3.0,6.0,6.0
708,6.0,8.0,5.0,4.0,7.0,7.0,4.0,7.0,7.0,0.0,6.0,7.0,5.0,6.0
709,2.0,8.0,5.0,4.0,0.0,4.0,2.0,7.0,2.0,4.0,4.0,5.0,7.0,3.0
710,6.0,2.0,5.0,1.0,2.0,5.0,2.0,1.0,2.0,6.0,6.0,3.0,6.0,4.0
711,6.0,6.0,3.0,5.0,0.0,1.0,6.0,5.0,6.0,6.0,7.0,7.0,6.0,5.0
712,1.0,6.0,1.0,4.0,6.0,9.0,1.0,0.0,4.0,6.0,5.0,6.0,7.0,4.0
713,7.0,3.0,6.0,0.0,2.0,0.0,7.0,1.0,4.0,5.0,4.0,7.0,5.0,7.0
714,9.0,6.0,5.0,2.0,6.0,7.0,6.0,6.0,2.0,6.0,5.0,7.0,7.0,5.0
715,0.0,6.0,3.0,4.0,3.0,0.0,0.0,0.0,0.0,7.0,0.0,7.0,6.0,4.0
716,4.0,6.0,7.0,1.0,10.0,0.0,5.0,4.0,5.0,4.0,0.0,4.0,7.0,5.0
717,6.0,2.0,7.0,5.0,4.0,2.0,3.0,0.0,3.0,5.0,3.0,5.0,6.0,5.0
718,9.0,7.0,1.0,5.0,9.0,0.0,6.0,1.0,8.0,6.0,5.0,7.0,4.0,7.0
719,5.0,6.0,4.0,2.0,8.0,1.0,3.0,6.0,1.0,4.0,3.0,6.0,6.0,5.0
720,6.0,6.0,5.0,4.0,4.0,1.0,0.0,6.0,5.0,4.0,0.0,5.0,5.0,7.0
721,8.0,6.0,6.0,0.0,2.0,7.0,1.0,8.0,0.0,6.0,2.0,5.0,5.0,5.0
722,6.0,4.0,1.0,5.0,7.0,5.0,0.0,7.0,1.0,3.0,6.0,6.0,4.0,3.0
723,5.0,6.0,1.0,0.0,3.0,2.0,7.0,0.0,1.0,7.0,6.0,5.0,6.0,4.0
724,8.0,5.0,0.0,5.0,7.0,5.0,0.0,2.0,5.0,5.0,6.0,7.0,4.0,2.0
725,6.0,6.0,6.0,3.0,3.0,5.0,1.0,3.0,6.0,7.0,7.0,3.0,6.0,3.0
726,4.0,6.0,5.0,4.0,1.0,0.0,0.0,7.0,4.0,7.0,6.0,6.0,6.0,6.0
727,6.0,4.0,6.0,6.0,7.0,0.0,0.0,0.0,0.0,6.0,4.0,6.0,7.0,6.0
728,5.0,5.0,7.0,5.0,0.0,4.0,10.0,1.0,6.0,3.0,4.0,7.0,6.0,5.0
729,7.0,4.0,5.0,3.0,3.0,0.0,0.0,1.0,5.0,4.0,7.0,5.0,6.0,4.0
730,6.0,6.0,1.0,4.0,0.0,0.0,3.0,0.0,0.0,6.0,1.0,6.0,8.0,6.0
731,7.0,9.0,3.0,4.0,7.0,2.0,0.0,4.0,1.0,4.0,5.0,6.0,4.0,5.0
732,8.0,6.0,2.0,5.0,2.0,1.0,8.0,6.0,0.0,7.0,4.0,7.0,3.0,3.0
733,6.0,5.0,0.0,5.0,10.0,8.0,0.0,4.0,1.0,3.0,6.0,5.0,4.0,2.0
734,6.0,7.0,6.0,5.0,0.0,5.0,9.0,0.0,2.0,4.0,5.0,3.0,7.0,3.0
735,4.0,6.0,5.0,6.0,10.0,1.0,0.0,8.0,0.0,6.0,6.0,4.0,7.0,5.0
736,4.0,8.0,3.0,4.0,8.0,0.0,0.0,6.0,1.0,5.0,6.0,3.0,6.0,2.0
737,7.0,6.0,3.0,3.0,7.0,1.0,1.0,8.0,6.0,6.0,4.0,6.0,4.0,3.0
738,8.0,6.0,1.0,3.0,0.0,0.0,0.0,8.0,7.0,7.0,5.0,1.0,7.0,1.0
739,8.0,6.0,0.0,5.0,7.0,0.0,0.0,0.0,1.0,3.0,6.0,3.0,4.0,3.0
740,9.0,4.0,6.0,2.0,5.0,0.0,3.0,0.0,1.0,4.0,4.0,6.0,3.0,2.0
741,7.0,6.0,0.0,3.0,8.0,0.0,1.0,0.0,1.0,7.0,6.0,5.0,8.0,5.0
742,8.0,5.0,6.0,3.0,7.0,6.0,3.0,4.0,3.0,5.0,8.0,4.0,6.0,5.0
743,7.0,6.0,4.0,5.0,1.0,0.0,9.0,7.0,6.0,6.0,5.0,5.0,5.0,6.0
744,5.0,8.0,7.0,3.0,0.0,2.0,1.0,0.0,3.0,6.0,2.0,3.0,6.0,6.0
745,6.0,5.0,6.0,5.0,7.0,0.0,2.0,6.0,6.0,6.0,6.0,6.0,0.0,5.0
746,9.0,0.0,5.0,3.0,5.0,2.0,3.0,6.0,6.0,6.0,6.0,6.0,7.0,5.0
747,8.0,8.0,6.0,0.0,8.0,5.0,5.0,0.0,7.0,5.0,4.0,4.0,3.0,5.0
748,4.0,8.0,4.0,5.0,8.0,2.0,7.0,2.0,3.0,6.0,6.0,5.0,5.0,2.0
749,1.0,5.0,2.0,3.0,4.0,0.0,3.0,7.0,1.0,3.0,4.0,4.0,7.0,6.0
750,0.0,9.0,5.0,5.0,0.0,3.0,1.0,7.0,0.0,6.0,4.0,6.0,6.0,7.0
751,7.0,9.0,4.0,1.0,7.0,1.0,1.0,0.0,0.0,5.0,6.0,6.0,3.0,4.0
752,8.0,4.0,0.0,5.0,10.0,6.0,3.0,4.0,3.0,6.0,3.0,6.0,8.0,3.0
753,7.0,5.0,5.0,2.0,1.0,0.0,0.0,6.0,6.0,6.0,5.0,6.0,6.0,6.0
754,4.0,9.0,5.0,3.0,1.0,0.0,8.0,7.0,1.0,3.0,4.0,7.0,5.0,3.0
755,7.0,5.0,6.0,4.0,8.0,9.0,3.0,9.0,0.0,6.0,6.0,6.0,7.0,3.0
756,0.0,5.0,7.0,6.0,5.0,0.0,0.0,7.0,5.0,7.0,6.0,6.0,6.0,2.0
757,5.0,4.0,7.0,4.0,0.0,5.0,2.0,9.0,0.0,1.0,3.0,6.0,1.0,4.0
758,6.0,0.0,5.0,5.0,0.0,0.0,8.0,8.0,0.0,6.0,6.0,7.0,5.0,2.0
759,5.0,4.0,4.0,6.0,7.0,0.0,0.0,8.0,0.0,5.0,5.0,6.0,6.0,0.0
760,8.0,6.0,0.0,5.0,7.0,6.0,0.0,0.0,5.0,6.0,6.0,5.0,2.0,6.0
761,4.0,6.0,5.0,0.0,3.0,0.0,0.0,9.0,8.0,3.0,4.0,6.0,2.0,5.0
762,6.0,6.0,4.0,5.0,0.0,0.0,0.0,2.0,6.0,6.0,6.0,5.0,6.0,7.0
763,7.0,5.0,6.0,0.0,7.0,0.0,6.0,4.0,5.0,7.0,2.0,6.0,6.0,5.0
764,8.0,6.0,5.0,5.0,7.0,10.0,10.0,6.0,0.0,7.0,5.0,6.0,7.0,5.0
765,7.0,7.0,4.0,5.0,0.0,0.0,2.0,1.0,0.0,6.0,7.0,2.0,6.0,7.0
766,5.0,6.0,6.0,4.0,6.0,0.0,1.0,2.0,0.0,6.0,4.0,4.0,5.0,7.0
767,4.0,6.0,0.0,1.0,0.0,7.0,0.0,1.0,0.0,3.0,6.0,5.0,6.0,4.0
768,7.0,6.0,5.0,5.0,2.0,0.0,0.0,8.0,6.0,5.0,0.0,5.0,6.0,3.0
769,6.0,6.0,5.0,0.0,1.0,1.0,10.0,0.0,7.0,6.0,5.0,3.0,6.0,5.0
770,3.0,9.0,7.0,5.0,1.0,8.0,0.0,7.0,5.0,5.0,4.0,5.0,0.0,3.0
771,6.0,6.0,3.0,4.0,5.0,10.0,0.0,1.0,0.0,6.0,5.0,7.0,10.0,0.0
772,4.0,6.0,4.0,4.0,6.0,0.0,0.0,0.0,6.0,5.0,4.0,6.0,6.0,4.0
773,7.0,9.0,2.0,6.0,0.0,3.0,9.0,0.0,0.0,5.0,3.0,6.0,6.0,3.0
774,10.0,5.0,4.0,5.0,10.0,0.0,0.0,0.0,2.0,5.0,4.0,7.0,8.0,3.0
775,2.0,5.0,3.0,4.0,10.0,8.0,8.0,7.0,0.0,0.0,6.0,6.0,7.0,4.0
776,6.0,4.0,0.0,0.0,0.0,2.0,3.0,0.0,7.0,6.0,5.0,5.0,5.0,8.0
777,6.0,8.0,5.0,2.0,5.0,4.0,2.0,0.0,4.0,3.0,6.0,7.0,6.0,3.0
778,7.0,5.0,3.0,2.0,1.0,0.0,9.0,0.0,4.0,6.0,6.0,6.0,4.0,6.0
779,9.0,6.0,4.0,4.0,7.0,0.0,0.0,0.0,2.0,5.0,7.0,4.0,6.0,5.0
780,6.0,5.0,4.0,5.0,1.0,0.0,9.0,1.0,6.0,4.0,3.0,4.0,6.0,5.0
781,7.0,4.0,8.0,4.0,7.0,10.0,0.0,2.0,2.0,5.0,7.0,6.0,5.0,0.0
782,8.0,6.0,8.0,4.0,5.0,0.0,1.0,6.0,7.0,4.0,6.0,4.0,7.0,4.0
783,6.0,6.0,4.0,4.0,3.0,6.0,0.0,2.0,8.0,6.0,6.0,4.0,1.0,3.0
784,3.0,8.0,4.0,2.0,6.0,3.0,3.0,9.0,5.0,6.0,6.0,2.0,6.0,4.0
785,7.0,2.0,2.0,0.0,8.0,0.0,4.0,4.0,1.0,6.0,6.0,7.0,7.0,7.0
786,7.0,8.0,4.0,4.0,5.0,3.0,1.0,1.0,6.0,6.0,5.0,7.0,6.0,6.0
787,8.0,6.0,0.0,5.0,0.0,1.0,2.0,0.0,5.0,5.0,6.0,7.0,6.0,5.0
788,6.0,6.0,5.0,0.0,8.0,5.0,0.0,0.0,6.0,5.0,8.0,5.0,4.0,7.0
789,7.0,8.0,0.0,6.0,5.0,0.0,0.0,7.0,1.0,6.0,5.0,7.0,4.0,7.0
790,0.0,6.0,2.0,7.0,8.0,0.0,0.0,0.0,1.0,6.0,6.0,5.0,7.0,2.0
791,6.0,4.0,8.0,5.0,5.0,0.0,3.0,2.0,4.0,8.0,6.0,5.0,7.0,2.0
792,2.0,5.0,1.0,6.0,11.0,6.0,2.0,8.0,1.0,7.0,6.0,3.0,6.0,7.0
793,4.0,3.0,7.0,3.0,7.0,0.0,3.0,0.0,5.0,5.0,0.0,4.0,7.0,3.0
794,3.0,6.0,2.0,7.0,1.0,10.0,10.0,0.0,7.0,6.0,4.0,6.0,8.0,4.0
795,6.0,5.0,6.0,6.0,7.0,4.0,3.0,0.0,6.0,6.0,5.0,4.0,7.0,7.0
796,4.0,6.0,7.0,3.0,5.0,0.0,1.0,2.0,6.0,6.0,5.0,6.0,7.0,5.0
797,3.0,6.0,4.0,4.0,3.0,0.0,10.0,0.0,3.0,0.0,6.0,4.0,7.0,5.0
798,4.0,6.0,1.0,3.0,6.0,0.0,6.0,0.0,5.0,0.0,4.0,3.0,4.0,6.0
799,7.0,3.0,7.0,4.0,5.0,2.0,1.0,0.0,6.0,8.0,5.0,5.0,5.0,4.0
800,6.0,7.0,4.0,5.0,4.0,0.0,0.0,0.0,7.0,6.0,6.0,7.0,6.0,5.0
801,6.0,6.0,7.0,0.0,5.0,0.0,0.0,0.0,6.0,2.0,2.0,6.0,6.0,7.0
802,7.0,3.0,3.0,0.0,0.0,0.0,1.0,0.0,2.0,3.0,5.0,5.0,4.0,4.0
803,6.0,5.0,0.0,2.0,9.0,4.0,10.0,7.0,6.0,4.0,7.0,5.0,6.0,2.0
804,6.0,5.0,7.0,1.0,6.0,0.0,10.0,8.0,4.0,3.0,7.0,4.0,6.0,4.0
805,6.0,8.0,7.0,4.0,7.0,5.0,3.0,7.0,4.0,4.0,6.0,5.0,5.0,6.0
806,8.0,6.0,0.0,2.0,0.0,8.0,0.0,4.0,7.0,0.0,7.0,6.0,5.0,5.0
807,6.0,6.0,5.0,7.0,3.0,0.0,4.0,0.0,2.0,4.0,6.0,4.0,2.0,3.0
808,3.0,5.0,5.0,3.0,10.0,5.0,6.0,7.0,4.0,4.0,4.0,5.0,7.0,5.0
809,6.0,6.0,0.0,0.0,4.0,7.0,1.0,3.0,6.0,6.0,5.0,4.0,7.0,7.0
810,7.0,6.0,0.0,5.0,6.0,8.0,4.0,1.0,6.0,6.0,6.0,5.0,5.0,0.0
811,9.0,7.0,6.0,4.0,8.0,5.0,0.0,0.0,0.0,4.0,5.0,4.0,6.0,4.0
812,8.0,7.0,4.0,4.0,4.0,2.0,0.0,0.0,5.0,6.0,6.0,2.0,6.0,4.0
813,7.0,6.0,8.0,3.0,5.0,0.0,3.0,4.0,3.0,1.0,5.0,4.0,3.0,8.0
814,5.0,8.0,6.0,4.0,4.0,1.0,5.0,5.0,0.0,5.0,5.0,5.0,4.0,6.0
815,6.0,9.0,4.0,3.0,0.0,6.0,6.0,5.0,0.0,4.0,6.0,4.0,8.0,5.0
816,6.0,8.0,7.0,5.0,2.0,1.0,6.0,4.0,3.0,6.0,7.0,6.0,7.0,4.0
817,5.0,9.0,7.0,3.0,7.0,2.0,0.0,6.0,0.0,6.0,6.0,5.0,5.0,4.0
818,7.0,5.0,7.0,1.0,5.0,0.0,2.0,4.0,4.0,7.0,8.0,5.0,7.0,4.0
819,0.0,6.0,0.0,0.0,1.0,0.0,0.0,0.0,6.0,5.0,5.0,4.0,6.0,4.0
820,7.0,4.0,5.0,5.0,7.0,3.0,0.0,7.0,0.0,0.0,5.0,5.0,6.0,4.0
821,6.0,7.0,4.0,4.0,6.0,0.0,2.0,0.0,6.0,5.0,6.0,4.0,7.0,8.0
822,7.0,9.0,3.0,3.0,6.0,0.0,7.0,0.0,2.0,4.0,6.0,5.0,0.0,7.0
823,6.0,6.0,2.0,4.0,6.0,0.0,1.0,0.0,5.0,0.0,2.0,4.0,6.0,7.0
824,6.0,5.0,5.0,6.0,5.0,0.0,5.0,3.0,5.0,5.0,6.0,6.0,6.0,5.0
825,5.0,7.0,4.0,2.0,5.0,0.0,1.0,4.0,5.0,6.0,8.0,7.0,7.0,4.0
826,0.0,2.0,4.0,4.0,5.0,1.0,1.0,3.0,6.0,3.0,7.0,6.0,8.0,5.0
827,5.0,6.0,7.0,0.0,6.0,8.0,1.0,0.0,0.0,7.0,5.0,3.0,6.0,2.0
828,7.0,4.0,9.0,0.0,7.0,1.0,1.0,3.0,2.0,6.0,6.0,7.0,3.0,4.0
829,7.0,3.0,6.0,3.0,2.0,9.0,3.0,1.0,4.0,8.0,8.0,3.0,4.0,7.0
830,4.0,6.0,5.0,0.0,4.0,2.0,0.0,7.0,3.0,4.0,6.0,5.0,6.0,4.0
831,6.0,5.0,6.0,1.0,5.0,0.0,0.0,9.0,5.0,7.0,3.0,7.0,6.0,4.0
832,5.0,9.0,7.0,5.0,5.0,0.0,3.0,5.0,2.0,1.0,4.0,6.0,4.0,7.0
833,6.0,7.0,0.0,3.0,3.0,0.0,0.0,5.0,6.0,6.0,5.0,6.0,6.0,5.0
834,7.0,8.0,1.0,6.0,6.0,0.0,3.0,2.0,0.0,4.0,5.0,4.0,6.0,7.0
835,8.0,9.0,4.0,4.0,7.0,0.0,0.0,2.0,7.0,6.0,4.0,6.0,6.0,4.0
836,6.0,6.0,5.0,2.0,5.0,1.0,0.0,0.0,0.0,6.0,6.0,6.0,7.0,5.0
837,7.0,6.0,5.0,0.0,7.0,0.0,1.0,0.0,5.0,0.0,8.0,7.0,6.0,4.0
838,5.0,4.0,5.0,5.0,5.0,6.0,6.0,0.0,0.0,7.0,5.0,7.0,6.0,5.0
839,6.0,3.0,6.0,1.0,10.0,1.0,0.0,8.0,3.0,6.0,4.0,4.0,8.0,5.0
840,7.0,9.0,0.0,4.0,5.0,0.0,0.0,2.0,5.0,4.0,3.0,6.0,6.0,2.0
841,6.0,0.0,6.0,5.0,8.0,2.0,1.0,5.0,5.0,8.0,6.0,6.0,2.0,2.0
842,3.0,2.0,4.0,2.0,7.0,1.0,9.0,0.0,3.0,5.0,4.0,5.0,6.0,4.0
843,9.0,6.0,3.0,3.0,5.0,0.0,1.0,0.0,7.0,5.0,5.0,6.0,6.0,3.0
844,6.0,4.0,4.0,4.0,4.0,9.0,2.0,7.0,4.0,5.0,5.0,6.0,8.0,5.0
845,7.0,7.0,7.0,1.0,1.0,0.0,4.0,0.0,0.0,6.0,3.0,5.0,4.0,7.0
846,6.0,4.0,7.0,5.0,6.0,0.0,2.0,0.0,1.0,4.0,3.0,6.0,6.0,4.0
847,6.0,5.0,2.0,5.0,3.0,0.0,2.0,6.0,6.0,4.0,6.0,8.0,5.0,3.0
848,7.0,6.0,0.0,6.0,7.0,0.0,2.0,1.0,0.0,7.0,4.0,5.0,6.0,6.0
849,5.0,8.0,1.0,0.0,8.0,0.0,0.0,0.0,0.0,6.0,4.0,4.0,3.0,6.0
850,7.0,6.0,4.0,3.0,4.0,7.0,0.0,0.0,6.0,5.0,6.0,5.0,6.0,4.0
851,6.0,0.0,5.0,4.0,4.0,9.0,0.0,0.0,3.0,5.0,4.0,5.0,4.0,7.0
852,6.0,6.0,1.0,4.0,7.0,0.0,9.0,5.0,1.0,5.0,6.0,6.0,6.0,4.0
853,7.0,7.0,6.0,6.0,8.0,2.0,1.0,6.0,1.0,6.0,4.0,5.0,4.0,4.0
854,7.0,0.0,3.0,3.0,9.0,0.0,0.0,1.0,6.0,5.0,6.0,6.0,0.0,2.0
855,9.0,9.0,6.0,3.0,5.0,8.0,0.0,0.0,4.0,4.0,5.0,3.0,8.0,3.0
856,7.0,7.0,4.0,5.0,7.0,8.0,9.0,0.0,0.0,3.0,6.0,7.0,4.0,3.0
857,7.0,7.0,5.0,6.0,3.0,0.0,8.0,6.0,7.0,6.0,4.0,7.0,5.0,5.0
858,3.0,6.0,1.0,5.0,2.0,0.0,0.0,2.0,0.0,5.0,6.0,8.0,0.0,5.0
859,6.0,7.0,1.0,5.0,8.0,9.0,8.0,4.0,2.0,5.0,6.0,8.0,5.0,7.0
860,3.0,8.0,7.0,3.0,3.0,0.0,0.0,7.0,0.0,6.0,5.0,8.0,6.0,3.0
861,8.0,7.0,7.0,1.0,7.0,3.0,0.0,6.0,5.0,0.0,5.0,5.0,7.0,3.0
862,7.0,9.0,6.0,0.0,2.0,0.0,7.0,3.0,1.0,7.0,5.0,4.0,5.0,6.0
863,8.0,6.0,3.0,3.0,6.0,0.0,5.0,2.0,6.0,5.0,7.0,5.0,7.0,6.0
864,8.0,6.0,2.0,4.0,7.0,0.0,5.0,3.0,2.0,6.0,6.0,2.0,4.0,5.0
865,6.0,6.0,5.0,7.0,4.0,10.0,4.0,3.0,0.0,7.0,6.0,5.0,6.0,4.0
866,4.0,6.0,4.0,5.0,7.0,11.0,4.0,1.0,1.0,5.0,6.0,5.0,8.0,5.0
867,4.0,6.0,6.0,5.0,9.0,10.0,4.0,6.0,6.0,6.0,5.0,6.0,6.0,6.0
868,7.0,0.0,4.0,0.0,0.0,7.0,5.0,0.0,0.0,6.0,6.0,6.0,6.0,7.0
869,0.0,3.0,6.0,5.0,7.0,8.0,0.0,0.0,0.0,6.0,6.0,5.0,7.0,7.0
870,8.0,9.0,3.0,5.0,7.0,8.0,6.0,4.0,4.0,6.0,7.0,6.0,5.0,5.0
871,7.0,6.0,6.0,7.0,0.0,6.0,9.0,1.0,4.0,7.0,6.0,3.0,7.0,4.0
872,6.0,6.0,6.0,4.0,6.0,0.0,4.0,0.0,6.0,2.0,6.0,6.0,3.0,3.0
873,7.0,8.0,3.0,3.0,8.0,0.0,0.0,5.0,5.0,5.0,4.0,5.0,6.0,6.0
874,8.0,9.0,8.0,7.0,2.0,4.0,6.0,3.0,2.0,5.0,5.0,6.0,7.0,7.0
875,7.0,6.0,9.0,1.0,7.0,0.0,7.0,6.0,4.0,2.0,4.0,5.0,6.0,4.0
876,2.0,6.0,7.0,4.0,2.0,0.0,10.0,0.0,0.0,8.0,6.0,6.0,3.0,6.0
877,2.0,6.0,2.0,4.0,7.0,4.0,0.0,6.0,3.0,3.0,5.0,9.0,6.0,5.0
878,9.0,2.0,7.0,1.0,4.0,7.0,0.0,1.0,3.0,8.0,5.0,6.0,6.0,4.0
879,8.0,7.0,4.0,4.0,0.0,4.0,0.0,0.0,5.0,6.0,5.0,7.0,4.0,4.0
880,4.0,7.0,1.0,2.0,0.0,2.0,0.0,0.0,5.0,5.0,4.0,6.0,4.0,5.0
881,1.0,4.0,5.0,5.0,3.0,1.0,7.0,7.0,4.0,0.0,6.0,6.0,6.0,3.0
882,4.0,5.0,1.0,0.0,10.0,3.0,2.0,4.0,7.0,2.0,6.0,7.0,8.0,5.0
883,8.0,9.0,5.0,5.0,7.0,0.0,0.0,0.0,6.0,6.0,6.0,8.0,8.0,7.0
884,6.0,9.0,4.0,5.0,0.0,1.0,0.0,6.0,6.0,0.0,6.0,7.0,6.0,6.0
885,8.0,9.0,7.0,2.0,5.0,0.0,0.0,1.0,0.0,6.0,3.0,5.0,5.0,5.0
886,6.0,8.0,9.0,4.0,3.0,0.0,0.0,3.0,6.0,6.0,6.0,6.0,6.0,2.0
887,7.0,5.0,5.0,4.0,8.0,0.0,2.0,0.0,0.0,7.0,4.0,6.0,4.0,3.0
888,5.0,6.0,3.0,3.0,3.0,1.0,1.0,5.0,1.0,7.0,3.0,6.0,5.0,6.0
889,5.0,6.0,1.0,5.0,5.0,6.0,0.0,6.0,6.0,1.0,6.0,8.0,6.0,4.0
890,4.0,0.0,0.0,4.0,0.0,4.0,0.0,0.0,6.0,5.0,6.0,6.0,5.0,6.0
891,6.0,8.0,1.0,0.0,1.0,0.0,0.0,5.0,1.0,6.0,3.0,5.0,6.0,7.0
892,6.0,6.0,4.0,5.0,8.0,0.0,0.0,5.0,1.0,5.0,6.0,6.0,5.0,4.0
893,9.0,7.0,5.0,4.0,5.0,0.0,0.0,5.0,0.0,0.0,4.0,5.0,6.0,7.0
894,7.0,6.0,3.0,5.0,3.0,0.0,0.0,6.0,7.0,6.0,6.0,6.0,6.0,4.0
895,7.0,6.0,5.0,5.0,0.0,0.0,0.0,1.0,8.0,6.0,6.0,6.0,7.0,5.0
896,6.0,1.0,2.0,4.0,5.0,2.0,3.0,5.0,0.0,6.0,6.0,7.0,7.0,4.0
897,0.0,5.0,6.0,5.0,5.0,9.0,5.0,2.0,2.0,4.0,6.0,6.0,4.0,5.0
898,4.0,6.0,1.0,5.0,3.0,0.0,9.0,2.0,5.0,7.0,4.0,6.0,5.0,3.0
899,4.0,6.0,4.0,5.0,2.0,0.0,2.0,0.0,5.0,6.0,6.0,4.0,4.0,5.0
900,9.0,6.0,6.0,5.0,4.0,9.0,0.0,0.0,3.0,6.0,5.0,3.0,6.0,7.0
901,6.0,7.0,4.0,4.0,4.0,0.0,3.0,0.0,1.0,6.0,5.0,7.0,1.0,5.0
902,7.0,8.0,4.0,1.0,5.0,0.0,0.0,0.0,3.0,4.0,6.0,3.0,5.0,7.0
903,9.0,6.0,6.0,0.0,0.0,0.0,2.0,0.0,7.0,6.0,5.0,5.0,6.0,6.0
904,6.0,6.0,0.0,2.0,5.0,5.0,10.0,1.0,2.0,6.0,6.0,4.0,7.0,7.0
905,8.0,7.0,5.0,5.0,8.0,3.0,0.0,7.0,2.0,6.0,5.0,7.0,6.0,5.0
906,7.0,9.0,4.0,5.0,2.0,4.0,0.0,6.0,3.0,6.0,7.0,7.0,4.0,5.0
907,5.0,9.0,0.0,0.0,9.0,8.0,9.0,1.0,3.0,6.0,4.0,6.0,3.0,5.0
908,7.0,5.0,5.0,1.0,7.0,0.0,1.0,6.0,1.0,8.0,4.0,7.0,6.0,5.0
909,9.0,5.0,6.0,2.0,8.0,9.0,5.0,0.0,3.0,1.0,6.0,6.0,6.0,5.0
910,8.0,2.0,5.0,5.0,8.0,8.0,0.0,7.0,1.0,0.0,6.0,5.0,5.0,6.0
911,7.0,8.0,8.0,6.0,7.0,8.0,0.0,11.0,0.0,0.0,4.0,6.0,8.0,6.0
912,5.0,6.0,4.0,2.0,5.0,2.0,2.0,3.0,0.0,6.0,6.0,6.0,5.0,7.0
913,8.0,3.0,0.0,0.0,7.0,3.0,0.0,1.0,5.0,0.0,6.0,6.0,7.0,4.0
914,6.0,3.0,4.0,5.0,0.0,0.0,3.0,0.0,0.0,6.0,6.0,6.0,5.0,6.0
915,5.0,9.0,5.0,5.0,1.0,2.0,0.0,0.0,0.0,6.0,3.0,5.0,7.0,6.0
916,9.0,6.0,1.0,5.0,0.0,0.0,9.0,0.0,4.0,6.0,6.0,7.0,7.0,7.0
917,7.0,6.0,6.0,3.0,4.0,10.0,1.0,7.0,0.0,6.0,5.0,5.0,6.0,5.0
918,6.0,3.0,5.0,4.0,8.0,1.0,10.0,1.0,5.0,7.0,6.0,4.0,6.0,1.0
919,5.0,6.0,4.0,4.0,3.0,8.0,0.0,0.0,7.0,0.0,1.0,8.0,6.0,4.0
920,7.0,5.0,3.0,5.0,0.0,0.0,2.0,5.0,6.0,5.0,6.0,6.0,3.0,6.0
921,4.0,0.0,0.0,2.0,2.0,0.0,0.0,6.0,5.0,4.0,6.0,6.0,6.0,3.0
922,9.0,9.0,5.0,5.0,4.0,0.0,0.0,2.0,6.0,6.0,6.0,6.0,8.0,5.0
923,7.0,5.0,5.0,4.0,0.0,1.0,3.0,7.0,6.0,5.0,7.0,5.0,8.0,4.0
924,7.0,1.0,6.0,5.0,3.0,0.0,8.0,0.0,5.0,5.0,6.0,1.0,6.0,6.0
925,6.0,6.0,3.0,1.0,1.0,1.0,2.0,8.0,0.0,4.0,6.0,7.0,2.0,5.0
926,3.0,6.0,4.0,5.0,7.0,0.0,1.0,9.0,6.0,7.0,6.0,0.0,6.0,7.0
927,8.0,8.0,4.0,2.0,3.0,0.0,0.0,0.0,0.0,0.0,5.0,6.0,5.0,7.0
928,2.0,4.0,2.0,3.0,8.0,1.0,3.0,1.0,3.0,6.0,6.0,5.0,2.0,6.0
929,7.0,3.0,2.0,4.0,8.0,1.0,1.0,9.0,7.0,4.0,3.0,6.0,6.0,6.0
930,0.0,4.0,3.0,5.0,1.0,9.0,1.0,0.0,6.0,5.0,8.0,6.0,4.0,7.0
931,9.0,6.0,2.0,5.0,4.0,3.0,0.0,0.0,1.0,6.0,3.0,6.0,5.0,6.0
932,5.0,4.0,7.0,4.0,7.0,0.0,0.0,3.0,5.0,5.0,6.0,5.0,6.0,4.0
933,6.0,5.0,7.0,2.0,6.0,1.0,0.0,5.0,1.0,7.0,5.0,6.0,6.0,4.0
934,8.0,6.0,7.0,4.0,7.0,5.0,4.0,0.0,4.0,7.0,4.0,3.0,4.0,4.0
935,7.0,6.0,5.0,5.0,7.0,10.0,1.0,0.0,1.0,5.0,4.0,4.0,8.0,4.0
936,5.0,7.0,8.0,3.0,5.0,7.0,0.0,0.0,6.0,4.0,4.0,8.0,5.0,4.0
937,6.0,3.0,7.0,4.0,4.0,0.0,1.0,0.0,3.0,6.0,6.0,5.0,7.0,4.0
938,6.0,5.0,5.0,0.0,9.0,2.0,10.0,1.0,6.0,7.0,5.0,6.0,7.0,6.0
939,7.0,6.0,2.0,3.0,4.0,2.0,0.0,0.0,4.0,1.0,5.0,5.0,2.0,2.0
940,7.0,0.0,2.0,4.0,8.0,0.0,2.0,0.0,7.0,7.0,6.0,6.0,5.0,5.0
941,8.0,8.0,4.0,4.0,1.0,6.0,1.0,5.0,6.0,7.0,8.0,6.0,7.0,7.0
942,6.0,4.0,7.0,3.0,3.0,0.0,5.0,6.0,0.0,2.0,6.0,6.0,4.0,6.0
943,7.0,0.0,5.0,4.0,7.0,3.0,2.0,3.0,4.0,6.0,6.0,4.0,6.0,3.0
944,7.0,6.0,3.0,4.0,8.0,3.0,0.0,4.0,2.0,5.0,5.0,3.0,2.0,5.0
945,6.0,6.0,2.0,6.0,8.0,6.0,0.0,0.0,7.0,7.0,5.0,2.0,5.0,6.0
946,5.0,2.0,1.0,5.0,4.0,10.0,0.0,0.0,6.0,1.0,5.0,5.0,6.0,5.0
947,7.0,0.0,3.0,5.0,5.0,0.0,6.0,1.0,2.0,3.0,5.0,2.0,4.0,5.0
948,6.0,6.0,5.0,5.0,0.0,1.0,9.0,4.0,2.0,6.0,6.0,6.0,5.0,5.0
949,5.0,6.0,5.0,2.0,5.0,6.0,3.0,2.0,2.0,4.0,6.0,7.0,6.0,1.0
950,7.0,9.0,6.0,6.0,6.0,8.0,0.0,8.0,1.0,7.0,5.0,3.0,6.0,7.0
951,6.0,8.0,4.0,4.0,0.0,9.0,0.0,8.0,6.0,5.0,6.0,6.0,7.0,4.0
952,7.0,6.0,3.0,2.0,7.0,0.0,0.0,0.0,0.0,4.0,5.0,4.0,8.0,5.0
953,6.0,3.0,3.0,2.0,4.0,4.0,0.0,0.0,6.0,5.0,3.0,5.0,3.0,4.0
954,7.0,7.0,1.0,4.0,10.0,0.0,0.0,2.0,6.0,6.0,5.0,5.0,5.0,5.0
955,5.0,6.0,4.0,5.0,3.0,0.0,0.0,8.0,6.0,6.0,4.0,4.0,7.0,3.0
956,6.0,6.0,7.0,0.0,3.0,5.0,1.0,0.0,1.0,6.0,5.0,4.0,5.0,5.0
957,6.0,7.0,0.0,2.0,4.0,7.0,0.0,1.0,0.0,6.0,4.0,4.0,5.0,2.0
958,7.0,9.0,5.0,0.0,5.0,0.0,0.0,0.0,3.0,3.0,2.0,6.0,3.0,4.0
959,9.0,9.0,3.0,5.0,2.0,4.0,1.0,5.0,6.0,5.0,5.0,5.0,6.0,5.0
960,8.0,9.0,1.0,5.0,5.0,0.0,0.0,0.0,4.0,7.0,6.0,3.0,7.0,4.0
961,7.0,6.0,4.0,5.0,7.0,0.0,10.0,0.0,5.0,0.0,6.0,0.0,4.0,1.0
962,9.0,6.0,5.0,2.0,0.0,0.0,0.0,2.0,6.0,7.0,5.0,8.0,5.0,0.0
963,5.0,2.0,4.0,3.0,6.0,10.0,1.0,0.0,0.0,5.0,6.0,6.0,6.0,4.0
964,6.0,4.0,5.0,6.0,4.0,0.0,0.0,4.0,2.0,6.0,6.0,6.0,6.0,4.0
965,8.0,6.0,2.0,6.0,2.0,1.0,1.0,5.0,3.0,5.0,5.0,5.0,6.0,8.0
966,6.0,0.0,5.0,4.0,5.0,5.0,2.0,0.0,0.0,6.0,5.0,6.0,6.0,5.0
967,7.0,6.0,0.0,6.0,2.0,7.0,0.0,7.0,8.0,5.0,7.0,6.0,5.0,4.0
968,7.0,6.0,7.0,0.0,7.0,0.0,9.0,0.0,6.0,6.0,6.0,5.0,6.0,5.0
969,6.0,6.0,4.0,1.0,1.0,1.0,1.0,0.0,0.0,7.0,6.0,6.0,6.0,5.0
970,2.0,8.0,5.0,4.0,0.0,3.0,0.0,7.0,4.0,6.0,3.0,3.0,6.0,4.0
971,7.0,6.0,0.0,3.0,0.0,0.0,0.0,5.0,1.0,5.0,6.0,7.0,6.0,4.0
972,7.0,6.0,3.0,5.0,6.0,0.0,1.0,0.0,4.0,7.0,4.0,6.0,6.0,5.0
973,6.0,8.0,0.0,7.0,6.0,0.0,0.0,4.0,4.0,6.0,6.0,4.0,7.0,4.0
974,4.0,6.0,6.0,0.0,7.0,0.0,0.0,5.0,5.0,5.0,6.0,6.0,7.0,5.0
975,6.0,6.0,5.0,0.0,0.0,3.0,2.0,0.0,2.0,3.0,6.0,2.0,6.0,7.0
976,7.0,6.0,2.0,7.0,4.0,3.0,3.0,8.0,6.0,6.0,6.0,6.0,7.0,1.0
977,9.0,6.0,6.0,3.0,6.0,0.0,2.0,1.0,0.0,7.0,4.0,6.0,6.0,7.0
978,6.0,6.0,0.0,3.0,0.0,0.0,0.0,2.0,0.0,2.0,6.0,3.0,7.0,3.0
979,6.0,9.0,6.0,4.0,0.0,7.0,0.0,0.0,7.0,6.0,5.0,5.0,5.0,4.0
980,3.0,0.0,0.0,0.0,4.0,1.0,0.0,5.0,0.0,5.0,3.0,6.0,5.0,4.0
981,9.0,9.0,1.0,5.0,2.0,0.0,9.0,0.0,4.0,5.0,4.0,5.0,5.0,6.0
982,3.0,6.0,6.0,1.0,3.0,0.0,0.0,1.0,2.0,4.0,5.0,5.0,4.0,7.0
983,6.0,6.0,8.0,4.0,9.0,2.0,2.0,1.0,0.0,4.0,5.0,7.0,7.0,4.0
984,7.0,5.0,0.0,3.0,1.0,8.0,1.0,8.0,5.0,5.0,6.0,5.0,7.0,5.0
985,7.0,6.0,2.0,2.0,6.0,5.0,0.0,1.0,4.0,4.0,8.0,7.0,5.0,4.0
986,6.0,7.0,7.0,6.0,6.0,0.0,2.0,6.0,0.0,6.0,6.0,6.0,6.0,4.0
987,7.0,7.0,7.0,5.0,4.0,0.0,3.0,0.0,6.0,0.0,5.0,5.0,8.0,5.0
988,7.0,6.0,3.0,4.0,4.0,8.0,1.0,6.0,5.0,3.0,4.0,6.0,4.0,2.0
989,6.0,5.0,5.0,6.0,0.0,2.0,6.0,0.0,6.0,5.0,7.0,6.0,8.0,5.0
990,2.0,1.0,0.0,3.0,2.0,1.0,3.0,1.0,4.0,6.0,4.0,5.0,1.0,2.0
991,6.0,0.0,6.0,3.0,0.0,0.0,3.0,7.0,8.0,7.0,5.0,8.0,6.0,5.0
992,1.0,7.0,4.0,3.0,6.0,0.0,0.0,1.0,3.0,5.0,5.0,5.0,6.0,4.0
993,7.0,1.0,6.0,4.0,3.0,0.0,5.0,0.0,0.0,5.0,6.0,4.0,6.0,4.0
994,7.0,5.0,4.0,4.0,6.0,0.0,1.0,1.0,3.0,5.0,7.0,6.0,6.0,5.0
995,9.0,6.0,0.0,5.0,3.0,0.0,4.0,2.0,5.0,6.0,6.0,0.0,5.0,4.0
996,7.0,6.0,7.0,3.0,7.0,2.0,2.0,7.0,0.0,4.0,6.0,7.0,8.0,7.0
997,3.0,8.0,6.0,0.0,0.0,0.0,0.0,5.0,4.0,0.0,4.0,6.0,3.0,4.0
998,4.0,6.0,5.0,3.0,4.0,6.0,0.0,1.0,2.0,4.0,7.0,5.0,6.0,6.0
999,7.0,9.0,8.0,0.0,0.0,0.0,0.0,0.0,6.0,6.0,6.0,6.0,8.0,4.0
